"","past_pat_year","year","pasture_id","area_surveyed","transect_length","Max_BOBO","Max_DICK","Max_EAME","Max_GRSP","Max_HESP","Max_SEWR","Max_GRPC","Max_VESP","Max_LASP","Max_UPSA","Max_BHCO","Max_RWBL","Max_COYE","Max_FISP","Max_BARS","Max_EAKI","Max_MODO","Max_NOBO","Max_LOSH","Max_EABL","Max_KILL","Max_HOLA","Max_TUVU","Max_AMKE","Max_BEVI","Max_WIFL","Max_GRCA","Max_BRTH","Max_OROR","Max_AMRO","Max_NOMO"
"1","235_C_2014",2014,"235",8,800,1,2,8,12,0,0,2,0,2,2,5,4,0,2,0,0,2,2,0,0,0,0,0,0,0,0,1,1,0,0,2
"2","235_C_2015",2015,"235",8,800,5,9,11,10,0,0,1,0,2,2,6,4,0,2,1,2,0,0,0,0,0,0,0,0,0,0,1,0,0,0,0
"3","235_C_2016",2016,"235",8,800,11,8,7,13,0,0,0,0,1,1,2,3,0,3,0,1,0,1,0,0,2,0,0,0,0,0,1,0,0,0,0
"4","235_C_2017",2017,"235",8,800,9,9,5,9,4,1,0,0,1,1,1,5,1,2,0,1,0,0,0,0,0,0,0,0,0,0,0,2,0,0,0
"5","235_C_2018",2018,"235",8,800,11,12,4,5,13,0,0,0,3,3,5,6,0,1,0,1,0,0,1,0,0,0,0,0,0,0,0,0,0,0,0
"6","235_C_2021",2021,"235",8,800,9,17,4,4,0,1,10,0,0,0,7,8,1,2,0,2,0,0,0,0,0,0,0,0,0,3,1,2,1,1,0
"7","235_C_2022",2022,"235",8,800,3,5,3,1,0,0,1,0,3,3,4,2,1,2,0,1,1,0,0,0,0,0,0,0,0,0,1,3,1,1,0
"8","235_C_2023",2023,"235",8,800,4,20,5,4,0,0,0,0,2,2,11,4,0,5,1,0,2,1,0,0,0,0,0,0,0,0,0,3,2,2,0
"9","235_N_2014",2014,"235",8,800,0,2,2,8,0,0,0,0,3,3,4,1,0,2,0,0,0,0,0,0,0,0,0,0,0,0,0,0,0,0,0
"10","235_N_2015",2015,"235",8,800,3,6,11,8,0,0,0,0,0,0,3,5,0,0,0,1,0,0,0,0,1,0,0,0,0,0,0,0,0,0,0
"11","235_N_2016",2016,"235",8,800,12,17,5,5,0,0,0,0,0,0,3,8,1,2,0,1,0,0,0,0,0,0,0,0,0,0,1,0,0,0,0
"12","235_N_2017",2017,"235",8,800,0,6,2,6,0,0,0,0,2,2,1,0,0,2,0,0,0,0,0,0,0,0,0,0,0,0,0,0,0,0,0
"13","235_N_2018",2018,"235",8,800,4,16,5,8,3,0,0,0,3,3,4,3,1,0,0,0,0,0,0,0,0,0,0,0,0,0,0,0,0,0,0
"14","235_N_2021",2021,"235",8,800,7,12,5,10,2,0,0,0,0,0,3,7,0,0,0,0,0,0,1,0,0,0,0,0,0,0,0,0,0,0,0
"15","235_N_2022",2022,"235",8,800,1,8,5,11,2,0,0,0,0,0,7,1,0,1,0,0,0,0,0,0,0,0,0,0,0,0,0,0,0,0,0
"16","235_N_2023",2023,"235",8,800,0,7,5,4,0,0,0,0,1,1,5,5,0,0,0,2,1,0,0,0,2,0,0,0,0,0,0,2,3,3,1
"17","235_S_2014",2014,"235",9,900,6,10,6,5,1,0,0,0,1,1,6,7,0,0,0,0,0,2,1,0,0,0,0,0,1,1,0,1,0,0,0
"18","235_S_2015",2015,"235",9,900,5,13,7,5,0,0,5,0,0,0,2,8,0,0,0,2,0,2,0,0,0,0,0,0,0,0,0,3,1,1,1
"19","235_S_2016",2016,"235",9,900,13,8,3,4,1,3,0,0,2,2,7,10,1,2,1,2,1,2,2,0,0,0,0,0,0,0,0,2,0,0,0
"20","235_S_2017",2017,"235",9,900,6,14,4,2,4,5,0,0,0,0,3,9,2,1,0,1,1,1,1,0,0,0,0,0,1,0,0,1,1,1,0
"21","235_S_2018",2018,"235",9,900,2,10,5,6,0,0,1,0,1,1,2,4,0,2,0,0,0,1,0,0,0,0,0,0,0,0,1,1,0,0,0
"22","235_S_2021",2021,"235",9,900,3,4,3,7,0,0,0,0,0,0,3,3,0,0,0,1,0,1,2,0,0,0,0,0,0,0,0,2,1,1,0
"23","235_S_2022",2022,"235",9,900,9,17,6,6,1,0,0,0,0,0,4,3,1,0,0,1,0,0,0,0,0,0,0,0,0,1,2,1,2,2,0
"24","235_S_2023",2023,"235",9,900,5,15,5,11,2,3,0,0,1,1,8,9,1,1,0,0,0,0,0,0,0,0,0,0,0,1,1,1,0,0,1
"25","BSH_C_2014",2014,"BSH",2,200,0,1,1,0,0,0,0,0,0,0,1,0,0,0,0,0,0,0,0,0,0,0,0,0,0,1,1,0,0,0,0
"26","BSH_C_2015",2015,"BSH",2,200,4,2,1,1,0,1,0,1,2,2,0,1,1,2,0,0,0,0,0,0,0,0,0,0,0,0,1,0,0,0,0
"27","BSH_C_2016",2016,"BSH",2,200,3,3,1,1,0,0,0,0,0,0,3,4,3,1,0,3,0,0,0,0,0,0,0,0,0,0,1,0,0,0,0
"28","BSH_C_2017",2017,"BSH",2,200,0,3,0,0,0,0,0,0,0,0,1,1,4,2,0,1,0,1,0,0,0,0,0,0,1,0,0,0,0,0,0
"29","BSH_C_2021",2021,"BSH",2,200,1,4,0,0,0,1,0,0,0,0,1,1,4,3,0,0,0,0,0,0,0,0,0,0,1,0,2,1,1,1,0
"30","BSH_C_2022",2022,"BSH",2,200,0,4,0,0,0,0,0,0,0,0,1,2,2,2,0,3,0,0,0,0,0,0,0,0,0,0,1,0,1,1,0
"31","BSH_C_2023",2023,"BSH",2,200,0,3,0,0,0,0,0,0,0,0,3,1,3,3,0,3,0,0,0,0,0,0,0,0,0,0,1,0,0,0,0
"32","BSH_N_2014",2014,"BSH",2,200,1,1,1,1,0,0,0,0,0,0,0,1,0,0,0,1,0,0,0,0,0,0,0,0,0,0,0,0,0,0,0
"33","BSH_N_2015",2015,"BSH",2,200,1,1,1,3,0,0,0,0,0,0,0,1,0,0,0,0,0,0,0,0,0,0,0,0,0,0,0,0,0,0,0
"34","BSH_N_2016",2016,"BSH",2,200,6,5,0,0,1,2,0,0,0,0,0,3,0,0,0,1,0,1,0,0,0,0,0,0,0,0,0,0,0,0,0
"35","BSH_N_2017",2017,"BSH",2,200,1,2,1,0,0,1,0,0,0,0,0,0,1,1,0,0,0,0,0,0,0,0,0,0,0,0,0,0,0,0,0
"36","BSH_N_2021",2021,"BSH",2,200,4,10,0,0,0,0,0,0,0,0,2,4,4,2,0,0,0,2,0,0,1,0,0,0,0,0,0,0,0,0,0
"37","BSH_N_2022",2022,"BSH",2,200,1,6,0,0,0,0,0,0,0,0,0,1,2,2,0,0,0,0,0,0,0,0,0,0,0,0,0,0,0,0,0
"38","BSH_N_2023",2023,"BSH",2,200,2,2,0,0,0,0,0,1,0,0,0,0,1,2,0,0,0,1,0,0,0,0,0,0,0,0,0,0,0,0,0
"39","BSH_S_2014",2014,"BSH",2,200,0,2,0,1,0,0,0,0,0,0,0,2,0,1,0,1,0,0,0,0,0,0,0,0,0,0,0,0,0,0,0
"40","BSH_S_2015",2015,"BSH",2,200,0,1,1,0,0,0,0,0,1,1,1,0,0,2,0,0,2,0,0,0,0,0,0,0,0,0,0,0,2,2,0
"41","BSH_S_2016",2016,"BSH",2,200,1,4,0,0,0,0,0,0,0,0,0,3,2,2,0,0,0,0,0,0,0,0,0,0,0,0,0,0,0,0,0
"42","BSH_S_2017",2017,"BSH",2,200,0,1,0,0,0,1,0,0,0,0,1,0,5,1,0,1,0,0,0,0,0,0,0,0,0,0,0,0,0,0,0
"43","BSH_S_2021",2021,"BSH",2,200,0,3,0,0,0,5,0,0,0,0,3,1,6,1,0,0,0,0,0,0,0,0,0,0,0,0,0,0,0,0,0
"44","BSH_S_2022",2022,"BSH",2,200,0,1,0,0,0,6,0,0,0,0,1,0,2,2,0,2,0,0,0,0,0,0,0,0,0,0,0,0,0,0,0
"45","BSH_S_2023",2023,"BSH",2,200,0,2,0,0,0,0,0,0,0,0,0,0,2,3,0,1,0,0,0,0,0,0,0,0,0,0,1,0,0,0,0
"46","DUN_C_2014",2014,"DUN",3,300,9,2,0,0,0,2,0,0,0,0,0,2,2,0,0,0,0,0,0,0,0,0,0,0,0,0,0,0,0,0,0
"47","DUN_C_2015",2015,"DUN",3,300,11,7,1,0,1,1,0,0,0,0,8,14,0,0,1,0,0,0,0,0,0,0,0,0,0,0,0,0,0,0,0
"48","DUN_C_2016",2016,"DUN",3,300,33,3,0,0,2,3,0,0,0,0,0,11,0,0,0,0,0,0,0,0,0,0,0,0,0,0,0,0,0,0,0
"49","DUN_C_2017",2017,"DUN",3,300,4,6,1,0,4,4,0,0,0,0,2,7,3,0,0,0,0,0,0,0,0,0,0,0,0,0,0,0,0,0,0
"50","DUN_C_2018",2018,"DUN",3,300,7,6,1,1,4,1,0,0,0,0,0,5,2,0,1,0,0,0,0,0,0,0,0,0,0,0,0,0,0,0,0
"51","DUN_E_2014",2014,"DUN",3,300,3,1,0,0,1,6,0,0,0,0,0,0,1,0,0,0,0,0,0,0,0,0,0,0,0,0,0,0,0,0,0
"52","DUN_E_2015",2015,"DUN",3,300,15,1,2,0,2,3,0,0,0,0,6,9,1,0,0,0,0,2,0,0,0,0,0,0,0,1,1,0,2,2,0
"53","DUN_E_2016",2016,"DUN",3,300,5,5,3,0,1,4,0,0,0,0,3,1,4,0,2,0,0,0,0,0,0,0,0,0,0,1,1,0,1,1,0
"54","DUN_E_2017",2017,"DUN",3,300,5,4,0,0,2,8,0,0,0,0,0,11,3,0,0,0,0,0,0,0,0,0,0,0,0,1,1,1,1,1,0
"55","DUN_E_2018",2018,"DUN",3,300,6,6,2,1,3,4,0,0,0,0,0,6,4,0,1,0,1,0,0,0,0,0,0,0,1,4,1,0,0,0,0
"56","DUN_W_2014",2014,"DUN",3,300,1,3,1,2,4,1,0,0,0,0,0,0,1,0,0,0,0,0,0,0,0,0,0,0,0,0,0,0,0,0,0
"57","DUN_W_2015",2015,"DUN",3,300,12,2,2,6,3,3,0,0,0,0,0,4,0,0,0,0,0,2,0,0,0,0,0,0,0,0,0,0,0,0,0
"58","DUN_W_2016",2016,"DUN",3,300,11,4,2,4,2,0,0,0,3,3,1,0,0,0,0,0,0,0,0,0,0,0,0,0,0,1,0,0,0,0,0
"59","DUN_W_2017",2017,"DUN",3,300,11,5,1,0,4,4,0,0,0,0,0,7,1,0,0,0,0,0,0,0,0,0,0,0,0,0,0,0,0,0,0
"60","DUN_W_2018",2018,"DUN",3,300,14,6,2,1,5,0,0,0,0,0,4,3,2,0,0,0,0,0,0,0,0,0,0,0,0,0,0,0,0,0,0
"61","FRN_E_2014",2014,"FRN",2,200,2,2,0,3,0,0,0,0,0,0,0,0,0,0,0,0,0,0,0,0,0,0,0,0,1,0,1,0,0,0,1
"62","FRN_E_2015",2015,"FRN",2,200,2,6,3,1,0,0,0,0,0,0,0,0,0,2,0,0,0,0,0,0,0,0,0,0,0,0,1,2,0,0,0
"63","FRN_E_2016",2016,"FRN",2,200,6,3,0,1,0,1,0,0,0,0,4,0,0,1,0,0,0,0,0,0,0,0,0,0,1,0,0,0,0,0,0
"64","FRN_S_2014",2014,"FRN",2,200,0,1,2,3,0,0,0,0,0,0,1,0,0,0,0,0,0,0,0,0,0,0,0,0,0,0,0,0,0,0,1
"65","FRN_S_2015",2015,"FRN",2,200,1,3,1,1,0,0,0,0,0,0,0,1,0,0,0,0,0,0,0,0,0,0,0,0,0,0,0,0,0,0,0
"66","FRN_S_2016",2016,"FRN",2,200,0,1,1,0,1,2,0,0,0,0,0,0,0,0,0,0,0,0,0,0,0,0,0,0,0,0,0,0,0,0,0
"67","FRN_W_2014",2014,"FRN",2,200,1,3,4,4,0,0,0,0,0,0,0,1,0,0,0,0,0,0,0,0,0,0,0,0,0,0,0,0,0,0,0
"68","FRN_W_2015",2015,"FRN",2,200,0,1,0,8,0,0,0,0,0,0,0,0,0,0,0,0,0,0,1,0,0,0,0,0,0,0,0,0,0,0,0
"69","FRN_W_2016",2016,"FRN",2,200,0,2,0,1,0,4,0,0,0,0,0,0,0,0,0,0,0,0,0,0,0,0,0,0,0,0,0,0,0,0,0
"70","FRS_E_2014",2014,"FRS",2,200,0,1,1,3,0,0,0,0,0,0,0,0,0,0,0,0,0,0,0,0,0,0,0,0,0,0,0,0,0,0,0
"71","FRS_E_2015",2015,"FRS",2,200,6,8,0,2,0,0,0,0,0,0,1,13,0,0,0,0,0,0,0,0,0,0,0,0,0,0,1,0,0,0,0
"72","FRS_E_2016",2016,"FRS",2,200,3,4,0,1,0,3,0,0,0,0,0,5,1,0,0,0,0,0,0,0,0,0,0,0,0,0,1,0,0,0,0
"73","FRS_N_2014",2014,"FRS",2,200,0,1,0,4,0,0,0,0,0,0,0,1,0,0,0,0,0,0,0,0,0,0,0,0,0,0,0,0,0,0,0
"74","FRS_N_2015",2015,"FRS",2,200,7,6,0,5,0,0,0,0,0,0,0,27,1,0,0,0,0,0,0,0,0,0,0,0,0,0,0,0,0,0,0
"75","FRS_N_2016",2016,"FRS",2,200,1,12,1,3,0,1,0,0,0,0,0,4,0,0,0,0,0,0,0,0,0,0,0,0,0,0,0,0,0,0,0
"76","FRS_W_2014",2014,"FRS",2,200,0,1,2,2,0,0,0,0,0,0,0,0,0,0,0,1,0,0,0,0,0,0,0,0,0,0,0,0,0,0,0
"77","FRS_W_2015",2015,"FRS",2,200,1,4,0,4,0,0,0,0,0,0,2,34,1,0,0,0,0,0,0,0,0,0,0,0,0,0,0,0,0,0,0
"78","FRS_W_2016",2016,"FRS",2,200,2,7,3,1,0,2,0,0,0,0,0,7,0,1,0,0,0,0,0,0,0,0,0,0,0,0,0,0,0,0,0
"79","GIL_C_2007",2007,"GIL",3.75,375.3,1,1,2,4,0,0,0,0,0,0,3,2,1,1,0,1,1,0,0,0,0,0,0,0,0,1,1,1,0,0,0
"80","GIL_C_2008",2008,"GIL",3.75,375.3,3,0,2,4,0,0,0,0,0,0,2,4,1,0,0,1,1,0,0,0,0,0,0,0,0,0,1,0,0,0,0
"81","GIL_C_2009",2009,"GIL",3.75,375.3,2,1,0,2,0,1,0,0,0,0,2,0,3,1,0,1,0,0,0,1,0,0,0,0,0,0,1,1,0,0,1
"82","GIL_C_2010",2010,"GIL",3,300,1,2,1,1,0,0,0,0,0,0,0,3,2,4,0,1,0,0,0,0,0,0,0,0,0,0,1,1,2,2,0
"83","GIL_C_2011",2011,"GIL",3,300,0,1,0,1,0,2,0,0,0,0,3,0,2,1,0,0,0,0,0,0,0,0,0,0,0,0,0,0,0,0,1
"84","GIL_C_2012",2012,"GIL",3,300,1,6,1,1,0,0,0,0,0,0,0,0,1,2,0,1,0,0,1,0,0,0,0,0,0,0,2,2,0,0,1
"85","GIL_C_2013",2013,"GIL",3,300,0,4,2,2,0,0,0,0,0,0,1,0,1,4,0,0,0,3,2,0,0,0,0,0,0,0,0,2,0,0,0
"86","GIL_C_2014",2014,"GIL",3,300,0,1,3,1,0,0,0,0,0,0,3,0,0,3,0,1,1,0,0,0,0,0,0,0,0,0,0,3,0,0,1
"87","GIL_C_2015",2015,"GIL",3,300,0,0,0,1,0,0,0,1,0,0,4,0,0,2,0,1,0,0,0,0,0,0,0,0,0,0,0,0,0,0,0
"88","GIL_C_2016",2016,"GIL",3,300,0,5,1,2,0,0,0,0,0,0,3,0,1,1,0,0,0,0,0,0,0,0,0,0,0,0,2,0,0,0,2
"89","GIL_C_2017",2017,"GIL",3,300,0,4,1,0,1,0,0,0,0,0,2,0,2,0,0,0,1,0,0,0,0,0,0,0,0,0,2,0,0,0,0
"90","GIL_C_2018",2018,"GIL",3,300,0,3,2,2,1,0,0,0,0,0,0,0,2,3,0,0,0,0,0,0,0,0,0,0,0,0,1,0,0,0,0
"91","GIL_C_2021",2021,"GIL",3,300,3,16,0,7,0,0,0,0,0,0,2,5,1,3,0,0,1,0,0,0,0,0,0,0,0,0,1,1,0,0,0
"92","GIL_C_2022",2022,"GIL",3,300,1,8,0,0,1,4,0,0,0,0,2,0,1,2,0,1,0,0,0,0,0,0,0,0,0,0,1,0,0,0,0
"93","GIL_C_2023",2023,"GIL",3,300,1,9,0,1,0,0,0,0,0,0,3,6,1,2,0,0,0,3,0,0,0,0,0,0,0,0,0,0,0,0,0
"94","GIL_N_2007",2007,"GIL",4.01,401.33,2,1,3,4,0,0,0,0,0,0,3,1,1,1,0,0,0,0,0,0,0,0,0,0,0,0,3,1,0,0,1
"95","GIL_N_2008",2008,"GIL",4.01,401.33,2,0,1,1,0,0,0,0,0,0,3,1,0,1,0,3,0,4,0,0,0,0,0,0,0,0,1,1,0,0,1
"96","GIL_N_2009",2009,"GIL",4.01,401.33,1,1,3,3,0,0,0,0,0,0,2,0,0,1,0,1,0,0,0,0,0,0,0,0,0,0,1,3,0,0,0
"97","GIL_N_2010",2010,"GIL",3,300,0,0,0,2,0,0,0,0,0,0,3,2,2,3,0,1,0,0,0,0,0,0,0,0,0,0,2,1,0,0,0
"98","GIL_N_2011",2011,"GIL",3,300,1,0,1,1,0,0,0,1,0,0,2,2,0,1,0,0,0,0,1,0,0,0,0,0,0,0,0,3,0,0,1
"99","GIL_N_2012",2012,"GIL",3,300,0,2,1,1,0,0,0,0,0,0,4,1,0,1,0,1,0,1,1,0,0,0,0,0,0,0,1,1,0,0,2
"100","GIL_N_2013",2013,"GIL",3,300,0,2,1,1,0,0,0,0,0,0,1,0,1,4,0,3,1,0,0,1,0,0,0,0,0,0,1,2,0,0,2
"101","GIL_N_2014",2014,"GIL",3,300,0,0,2,0,0,0,0,0,0,0,1,0,1,2,0,2,0,1,1,0,0,0,0,0,0,0,2,2,0,0,1
"102","GIL_N_2015",2015,"GIL",3,300,0,0,0,0,0,0,0,0,0,0,3,2,0,0,0,2,0,0,0,0,0,0,0,0,0,0,1,1,1,1,1
"103","GIL_N_2016",2016,"GIL",3,300,0,0,4,2,0,0,0,0,0,0,0,1,1,4,0,1,1,0,0,1,0,0,0,0,0,0,1,1,0,0,1
"104","GIL_N_2017",2017,"GIL",3,300,0,2,3,1,0,1,0,0,0,0,2,0,2,6,0,2,0,0,3,0,0,0,0,0,0,0,1,0,0,0,0
"105","GIL_N_2018",2018,"GIL",3,300,0,2,2,3,0,0,0,0,0,0,2,0,2,4,0,2,0,0,0,0,0,0,0,0,0,0,2,0,0,0,1
"106","GIL_N_2021",2021,"GIL",3,300,0,5,1,5,0,0,0,0,0,0,3,1,1,5,0,0,0,0,0,0,0,0,0,0,0,0,2,0,0,0,0
"107","GIL_N_2022",2022,"GIL",3,300,0,7,1,1,0,0,0,0,0,0,0,0,1,2,0,1,0,0,0,0,0,0,0,0,0,0,3,0,0,0,0
"108","GIL_N_2023",2023,"GIL",3,300,0,3,0,0,0,0,0,0,0,0,4,0,1,10,0,0,0,0,0,0,0,0,0,0,0,0,2,1,1,1,0
"109","GIL_S_2007",2007,"GIL",1.51,150.84,1,0,0,3,0,0,0,0,0,0,0,3,2,1,0,0,1,0,0,0,0,0,0,0,0,0,1,0,0,0,1
"110","GIL_S_2008",2008,"GIL",1.51,150.84,1,0,1,1,0,0,0,0,0,0,0,4,0,0,0,0,0,0,0,0,0,0,0,0,0,0,0,0,1,1,0
"111","GIL_S_2009",2009,"GIL",1.51,150.84,2,1,0,1,0,0,0,1,0,0,1,0,1,0,0,0,0,0,0,0,0,0,0,0,0,0,1,0,1,1,0
"112","GIL_S_2010",2010,"GIL",2,200,1,0,1,0,0,1,0,0,0,0,3,6,2,0,0,0,0,0,0,0,0,0,0,0,1,0,2,1,1,1,0
"113","GIL_S_2011",2011,"GIL",2,200,0,1,0,0,0,0,0,0,0,0,2,2,1,2,0,0,0,0,0,0,0,0,0,0,0,0,1,1,1,1,0
"114","GIL_S_2012",2012,"GIL",2,200,0,3,0,0,0,0,0,0,0,0,1,2,0,0,0,0,1,0,0,0,0,0,0,0,0,0,2,0,0,0,1
"115","GIL_S_2013",2013,"GIL",2,200,0,5,1,1,0,0,0,0,0,0,1,5,1,3,0,0,1,1,1,0,0,0,0,0,0,0,3,3,0,0,0
"116","GIL_S_2014",2014,"GIL",1.75,175,0,0,0,1,0,0,0,0,0,0,0,3,1,2,0,1,0,0,0,0,0,0,0,0,0,0,2,3,0,0,2
"117","GIL_S_2015",2015,"GIL",1.75,175,0,0,0,2,0,0,0,0,0,0,2,0,0,1,0,0,0,0,0,0,0,0,0,0,0,0,0,1,0,0,1
"118","GIL_S_2016",2016,"GIL",1.75,175,0,2,3,0,0,0,0,0,0,0,6,0,1,0,0,0,1,0,1,0,0,0,0,0,0,0,1,1,1,1,2
"119","GIL_S_2017",2017,"GIL",1.75,175,0,1,0,0,0,0,0,0,0,0,2,0,2,2,0,0,0,1,0,0,0,0,0,0,0,0,2,1,0,0,0
"120","GIL_S_2018",2018,"GIL",1.75,175,0,0,1,0,0,0,0,0,0,0,0,0,0,4,0,1,2,0,1,0,0,0,0,0,0,0,3,1,0,0,1
"121","GIL_S_2021",2021,"GIL",1.75,175,1,8,1,2,0,0,0,0,0,0,3,9,1,1,0,1,1,0,0,0,0,0,0,0,0,0,2,1,0,0,0
"122","GIL_S_2022",2022,"GIL",1.75,175,0,6,1,0,0,1,0,0,0,0,6,2,3,2,0,0,0,1,0,0,0,0,0,0,0,0,3,0,0,0,0
"123","GIL_S_2023",2023,"GIL",1.75,175,0,4,0,0,0,0,0,0,0,0,6,14,2,1,0,0,2,1,0,0,0,0,0,0,0,1,3,0,0,0,0
"124","KLN_C_2007",2007,"KLN",5.96,596,3,1,1,2,4,0,0,0,0,0,1,2,0,0,0,2,0,0,0,0,0,0,0,0,0,0,0,0,0,0,0
"125","KLN_C_2008",2008,"KLN",5.96,596,3,0,2,5,1,0,0,0,0,0,1,5,0,0,0,0,0,0,0,0,0,0,0,0,0,0,0,0,1,1,0
"126","KLN_C_2009",2009,"KLN",5.96,596,5,3,5,8,0,1,0,0,0,0,2,3,0,0,0,0,0,0,0,0,1,0,0,0,0,0,0,0,0,0,0
"127","KLN_C_2010",2010,"KLN",4,400,8,7,6,6,4,1,0,0,1,1,5,4,0,0,0,0,0,0,0,0,0,0,0,0,0,0,0,0,0,0,0
"128","KLN_C_2011",2011,"KLN",4,400,3,5,2,4,2,0,0,0,1,1,2,0,0,1,0,0,0,0,0,0,0,0,0,0,0,0,0,0,0,0,0
"129","KLN_C_2012",2012,"KLN",4,400,6,4,3,4,1,0,0,0,0,0,3,1,0,0,0,0,0,0,0,0,0,0,0,0,0,0,0,0,0,0,0
"130","KLN_C_2013",2013,"KLN",4,400,3,4,2,6,1,0,0,0,0,0,5,0,0,0,0,0,0,0,0,0,0,0,0,0,0,0,0,0,0,0,0
"131","KLN_C_2014",2014,"KLN",4,400,0,0,3,3,0,0,0,0,0,0,0,0,0,0,0,0,0,0,0,0,0,1,0,0,0,0,0,0,0,0,0
"132","KLN_C_2015",2015,"KLN",4,400,1,0,2,3,1,1,0,0,0,0,1,0,0,0,0,0,0,0,0,0,0,0,0,0,0,0,0,0,0,0,0
"133","KLN_C_2016",2016,"KLN",4,400,4,4,3,3,3,1,0,0,0,0,1,3,0,0,0,1,0,0,1,0,0,0,0,0,0,0,0,1,0,0,0
"134","KLN_C_2017",2017,"KLN",4,400,0,0,1,0,0,0,0,0,1,1,0,1,0,0,0,0,0,0,0,0,0,0,0,0,0,0,0,0,0,0,0
"135","KLN_C_2018",2018,"KLN",4,400,2,0,2,4,0,0,0,0,1,1,0,0,0,0,0,1,0,0,0,0,0,0,0,0,0,0,0,0,0,0,0
"136","KLN_C_2021",2021,"KLN",4,400,0,0,2,2,0,0,0,0,0,0,0,1,0,0,0,0,0,0,0,0,0,0,0,0,0,0,0,0,0,0,0
"137","KLN_C_2022",2022,"KLN",4,400,0,0,1,4,1,0,0,0,0,0,0,1,0,0,0,0,0,0,0,0,0,0,0,0,0,0,0,0,0,0,0
"138","KLN_C_2023",2023,"KLN",4,400,0,0,4,1,0,0,0,0,2,2,7,1,0,0,0,0,0,0,1,0,0,0,0,0,0,0,0,0,0,0,0
"139","KLN_E_2007",2007,"KLN",5.84,584,5,1,2,3,1,0,0,0,0,0,1,5,0,0,0,1,0,0,1,0,0,0,0,0,0,0,0,0,0,0,0
"140","KLN_E_2008",2008,"KLN",5.84,584,3,1,2,4,3,0,0,0,0,0,0,10,1,0,0,0,0,0,0,0,0,0,0,0,0,0,0,0,0,0,0
"141","KLN_E_2009",2009,"KLN",5.84,584,6,10,6,5,5,1,0,0,0,0,0,10,2,0,0,2,0,0,0,0,0,0,0,0,0,0,0,0,1,1,0
"142","KLN_E_2010",2010,"KLN",5,500,8,5,2,4,4,3,0,0,0,0,2,8,1,0,0,2,0,0,0,0,0,0,0,0,0,0,0,0,1,1,0
"143","KLN_E_2011",2011,"KLN",5,500,6,7,1,2,5,1,0,0,0,0,1,4,0,0,0,0,0,0,0,0,0,0,0,0,0,0,3,0,0,0,0
"144","KLN_E_2012",2012,"KLN",5,500,9,7,1,0,4,2,0,0,0,0,5,0,1,0,0,2,0,0,0,0,0,0,0,0,0,0,0,1,0,0,0
"145","KLN_E_2013",2013,"KLN",5,500,8,0,3,2,1,0,0,0,2,2,2,3,1,0,0,1,0,0,0,0,0,0,0,0,0,0,0,0,0,0,0
"146","KLN_E_2014",2014,"KLN",4,400,3,2,7,4,0,0,0,0,1,1,7,1,0,0,0,1,0,0,0,0,0,0,0,0,0,0,0,0,0,0,1
"147","KLN_E_2015",2015,"KLN",4,400,3,0,3,3,0,3,0,0,0,0,5,1,0,0,0,1,0,0,0,0,0,0,0,0,0,0,0,0,0,0,0
"148","KLN_E_2016",2016,"KLN",4,400,0,0,1,1,0,0,0,0,1,1,3,2,0,0,0,0,0,0,1,0,5,0,0,0,0,0,0,1,1,1,0
"149","KLN_E_2017",2017,"KLN",4,400,2,1,2,3,0,1,1,0,2,2,0,2,0,0,0,2,0,1,0,0,0,0,0,0,0,0,0,2,0,0,0
"150","KLN_E_2018",2018,"KLN",4,400,4,2,2,4,5,2,0,0,0,0,1,2,0,0,0,2,0,0,0,0,0,0,0,0,0,0,0,1,1,1,0
"151","KLN_E_2021",2021,"KLN",4,400,1,0,3,4,0,0,0,0,1,1,2,4,0,0,0,2,0,0,0,0,0,0,0,0,0,0,0,0,1,1,0
"152","KLN_E_2022",2022,"KLN",4,400,0,0,4,2,0,0,1,0,1,1,4,3,0,0,0,0,0,0,0,0,2,0,0,0,0,0,0,0,0,0,0
"153","KLN_E_2023",2023,"KLN",4,400,1,3,2,2,0,0,0,0,2,2,2,7,0,0,0,0,0,0,0,0,0,0,0,0,0,0,0,1,0,0,0
"154","KLN_W_2007",2007,"KLN",3.77,377,4,1,3,4,2,1,0,0,0,0,0,1,0,0,0,0,0,0,0,0,0,0,0,0,0,0,0,0,0,0,0
"155","KLN_W_2008",2008,"KLN",3.77,377,1,0,3,5,1,0,0,0,0,0,0,1,0,0,0,1,0,0,0,0,0,0,0,0,0,0,0,0,0,0,0
"156","KLN_W_2009",2009,"KLN",3.77,377,2,9,3,7,1,2,0,0,1,1,4,4,4,0,0,2,0,0,0,0,0,0,0,0,0,0,1,0,0,0,0
"157","KLN_W_2010",2010,"KLN",3,300,5,1,1,2,2,0,0,0,0,0,5,2,0,0,0,2,0,0,0,0,0,0,0,0,0,0,0,2,0,0,0
"158","KLN_W_2011",2011,"KLN",3,300,1,2,1,3,6,0,0,0,0,0,2,0,0,0,0,0,0,0,0,0,0,0,0,0,0,0,0,0,0,0,0
"159","KLN_W_2012",2012,"KLN",3,300,0,1,1,5,0,0,0,0,0,0,4,0,0,0,0,0,0,0,0,0,0,0,0,0,0,0,0,0,0,0,0
"160","KLN_W_2013",2013,"KLN",3,300,1,2,1,4,0,0,0,0,0,0,1,1,0,0,0,0,0,0,0,0,0,0,0,0,0,0,0,0,0,0,0
"161","KLN_W_2014",2014,"KLN",3,300,4,1,4,6,0,0,0,0,0,0,4,1,0,0,1,0,0,0,0,0,0,0,0,0,0,0,0,0,0,0,0
"162","KLN_W_2015",2015,"KLN",3,300,0,1,2,3,0,0,0,0,0,0,1,0,0,0,0,1,0,0,0,0,0,0,0,0,0,0,0,0,0,0,0
"163","KLN_W_2016",2016,"KLN",3,300,2,0,3,3,2,1,0,0,0,0,1,3,0,0,0,0,0,0,0,0,0,0,0,0,0,0,0,0,0,0,0
"164","KLN_W_2017",2017,"KLN",3,300,1,0,1,4,2,0,0,0,0,0,0,1,0,0,0,0,0,0,0,0,0,0,0,0,0,0,0,0,0,0,0
"165","KLN_W_2018",2018,"KLN",3,300,0,0,2,1,0,0,0,0,1,1,4,1,0,0,0,0,0,0,0,0,0,0,0,0,0,0,0,0,0,0,0
"166","KLN_W_2021",2021,"KLN",2.75,275,0,0,1,1,0,0,0,0,0,0,2,0,0,0,0,0,0,0,1,0,0,0,0,0,0,0,0,0,1,1,0
"167","KLN_W_2022",2022,"KLN",2.75,275,0,0,4,6,1,0,0,0,0,0,0,1,0,2,0,1,0,0,0,0,0,0,0,0,0,0,0,0,0,0,0
"168","KLN_W_2023",2023,"KLN",2.75,275,1,2,4,4,0,0,0,0,0,0,1,1,0,0,0,0,0,0,0,0,0,0,0,0,0,0,0,0,0,0,0
"169","KLT_E_2007",2007,"KLT",4.94,494,5,2,1,1,2,4,0,0,0,0,3,7,5,0,0,1,0,0,0,0,0,0,0,0,0,0,0,1,1,1,0
"170","KLT_E_2008",2008,"KLT",4.94,494,4,1,1,4,2,4,0,0,0,0,6,5,1,0,0,1,0,0,0,0,0,0,0,0,0,0,0,1,0,0,0
"171","KLT_E_2009",2009,"KLT",4.94,494,8,4,3,3,0,2,0,0,1,1,5,2,3,1,0,1,0,0,0,0,0,0,0,0,0,0,2,1,2,2,0
"172","KLT_E_2010",2010,"KLT",3,300,4,7,0,1,3,2,0,0,0,0,2,1,3,1,0,2,1,0,0,0,0,0,0,0,0,0,1,0,0,0,0
"173","KLT_E_2011",2011,"KLT",3,300,0,4,1,1,2,1,0,0,0,0,3,1,0,0,0,0,0,0,0,0,0,0,0,0,0,0,0,0,1,1,0
"174","KLT_E_2012",2012,"KLT",3,300,0,3,0,1,0,0,0,0,0,0,2,0,0,1,0,1,0,0,0,0,0,0,0,0,0,0,0,0,1,1,0
"175","KLT_E_2013",2013,"KLT",3,300,1,6,3,3,2,1,0,0,0,0,0,0,0,0,0,0,0,0,0,0,0,0,0,0,0,0,2,0,0,0,0
"176","KLT_E_2015",2015,"KLT",3,300,3,2,4,0,2,0,0,0,1,1,4,4,1,0,0,1,2,0,0,0,0,0,0,0,0,0,1,1,0,0,0
"177","KLT_E_2016",2016,"KLT",3,300,1,5,0,2,0,2,0,0,0,0,3,2,1,0,0,1,0,0,0,0,0,0,0,0,0,0,0,0,1,1,0
"178","KLT_E_2017",2017,"KLT",3,300,1,6,1,4,1,4,0,0,0,0,5,1,4,1,0,3,0,0,0,0,0,0,0,0,0,0,1,0,1,1,0
"179","KLT_E_2018",2018,"KLT",3,300,4,4,0,0,3,3,0,0,0,0,0,1,2,1,0,1,0,0,0,0,0,0,0,0,0,1,1,0,0,0,0
"180","KLT_E_2021",2021,"KLT",3,300,2,7,1,2,1,0,5,0,0,0,1,3,1,1,0,0,0,1,0,0,0,0,0,0,0,2,0,0,1,1,0
"181","KLT_E_2022",2022,"KLT",3,300,8,6,2,0,2,2,0,0,0,0,2,2,3,0,0,0,0,0,0,0,0,0,0,0,0,0,1,0,0,0,0
"182","KLT_E_2023",2023,"KLT",3,300,5,9,0,0,0,0,0,0,0,0,3,2,1,0,0,1,0,0,0,0,0,0,0,0,0,0,0,0,0,0,0
"183","KLT_S_2007",2007,"KLT",5.65,565,2,2,1,2,0,2,0,1,0,0,5,11,3,0,0,0,0,0,0,0,0,0,0,0,0,0,1,1,1,1,0
"184","KLT_S_2008",2008,"KLT",5.65,565,4,4,3,6,3,1,0,1,0,0,4,8,3,1,0,2,0,1,0,0,0,0,1,0,0,1,3,1,2,2,0
"185","KLT_S_2009",2009,"KLT",5.65,565,6,4,1,1,0,2,0,0,0,0,2,6,3,0,0,2,0,0,0,0,0,0,0,0,0,0,1,0,1,1,0
"186","KLT_S_2010",2010,"KLT",3,300,0,3,0,0,1,1,0,0,0,0,1,1,1,0,0,2,0,0,0,0,1,0,0,0,0,0,2,0,0,0,0
"187","KLT_S_2011",2011,"KLT",3,300,0,3,0,1,1,1,0,0,0,0,0,2,1,0,0,0,0,0,0,0,0,0,0,0,0,0,0,0,1,1,0
"188","KLT_S_2012",2012,"KLT",3,300,0,8,0,1,0,0,0,0,0,0,1,3,3,0,0,2,0,0,0,0,0,0,0,0,0,0,0,0,0,0,0
"189","KLT_S_2013",2013,"KLT",3,300,3,9,3,1,2,0,0,0,0,0,2,6,1,0,0,2,0,0,0,0,0,0,0,0,0,0,1,0,0,0,0
"190","KLT_S_2015",2015,"KLT",3,300,0,2,1,1,1,2,0,0,0,0,3,5,2,0,0,0,0,0,0,0,0,0,0,0,0,0,0,0,2,2,0
"191","KLT_S_2016",2016,"KLT",3,300,2,3,0,0,0,1,0,0,0,0,0,7,0,0,0,1,0,0,0,0,0,0,0,0,0,1,1,0,0,0,0
"192","KLT_S_2017",2017,"KLT",3,300,2,5,0,0,3,4,0,0,0,0,1,2,3,0,0,2,0,0,0,0,0,0,0,0,1,1,1,0,2,2,0
"193","KLT_S_2018",2018,"KLT",3,300,1,3,0,0,1,4,0,0,0,0,5,2,4,0,0,0,0,0,0,0,0,0,0,0,0,1,2,0,1,1,0
"194","KLT_S_2021",2021,"KLT",3,300,9,6,0,0,2,1,0,0,0,0,1,7,2,0,0,0,0,0,0,0,0,0,0,0,0,1,1,0,0,0,0
"195","KLT_S_2022",2022,"KLT",3,300,7,3,2,0,2,6,0,0,0,0,2,2,1,0,0,0,0,0,0,0,0,0,0,0,0,1,1,0,1,1,0
"196","KLT_S_2023",2023,"KLT",3,300,2,4,1,0,0,0,0,0,0,0,1,6,1,0,0,0,0,0,0,0,0,0,0,0,0,1,1,0,2,2,0
"197","KLT_W_2007",2007,"KLT",6.76,676,6,4,0,0,3,7,0,0,0,0,0,7,5,1,0,1,0,0,0,0,0,0,0,0,0,0,1,0,0,0,0
"198","KLT_W_2008",2008,"KLT",6.76,676,12,3,0,2,6,5,0,0,0,0,1,7,3,0,0,1,0,0,0,0,0,0,2,0,0,0,0,0,0,0,0
"199","KLT_W_2009",2009,"KLT",6.76,676,4,7,1,2,0,4,0,0,0,0,1,3,3,0,0,0,0,0,0,0,0,0,0,0,0,0,0,0,0,0,0
"200","KLT_W_2010",2010,"KLT",6,600,2,6,2,0,3,6,0,0,0,0,0,5,1,0,0,0,0,0,0,0,0,0,0,0,0,0,1,0,0,0,0
"201","KLT_W_2011",2011,"KLT",6,600,2,7,1,1,1,1,0,0,0,0,0,5,0,0,0,0,0,0,0,0,0,0,0,0,0,0,0,0,0,0,0
"202","KLT_W_2012",2012,"KLT",6,600,0,12,0,2,0,0,0,0,0,0,1,7,0,0,0,0,0,0,0,0,0,0,0,0,0,0,0,0,1,1,0
"203","KLT_W_2013",2013,"KLT",6,600,5,14,0,1,2,2,0,0,0,0,2,7,2,0,0,0,0,0,0,0,0,0,0,0,0,0,1,0,0,0,0
"204","KLT_W_2015",2015,"KLT",6,600,2,3,6,0,3,4,0,0,0,0,3,3,3,0,0,1,2,0,0,0,0,0,0,0,0,0,1,1,0,0,0
"205","KLT_W_2016",2016,"KLT",6,600,10,9,2,2,0,7,0,0,0,0,4,8,4,0,0,0,0,0,1,0,0,0,0,0,0,0,1,2,0,0,0
"206","KLT_W_2017",2017,"KLT",6,600,2,6,1,0,3,7,0,0,0,0,3,9,6,1,0,1,0,0,0,0,0,0,0,0,0,0,1,0,1,1,0
"207","KLT_W_2018",2018,"KLT",6,600,5,6,2,0,3,4,0,0,0,0,3,9,7,1,0,0,1,0,0,0,0,0,0,0,0,0,1,0,0,0,0
"208","KLT_W_2021",2021,"KLT",6,600,6,16,1,0,3,4,0,0,0,0,3,11,3,0,0,1,1,0,0,0,0,0,0,0,0,0,2,0,1,1,0
"209","KLT_W_2022",2022,"KLT",6,600,8,5,1,0,3,2,0,0,0,0,3,9,3,0,0,0,0,0,0,0,0,0,0,0,0,0,0,0,0,0,0
"210","KLT_W_2023",2023,"KLT",6,600,2,12,1,0,0,0,0,0,0,0,1,9,3,0,0,0,0,0,0,0,0,0,0,0,0,0,1,0,0,0,0
"211","LTR_C_2007",2007,"LTR",5.97,597,2,0,2,5,1,0,0,1,0,0,4,2,2,4,0,2,0,0,0,0,0,0,0,0,0,0,2,0,0,0,0
"212","LTR_C_2008",2008,"LTR",5.97,597,4,0,3,5,2,2,0,0,0,0,2,2,1,2,0,3,0,0,0,0,0,0,0,0,0,0,2,0,0,0,0
"213","LTR_C_2009",2009,"LTR",5.97,597,5,3,1,4,0,0,0,0,0,0,3,2,2,2,0,1,0,0,0,0,0,0,0,0,0,0,1,1,0,0,1
"214","LTR_C_2010",2010,"LTR",5,500,2,2,2,2,1,0,0,0,0,0,1,6,1,1,0,1,0,0,0,0,0,0,0,0,0,0,1,0,0,0,0
"215","LTR_C_2011",2011,"LTR",5,500,1,1,2,1,2,0,0,0,0,0,0,3,0,1,0,1,0,0,0,0,0,0,0,0,0,0,2,1,0,0,0
"216","LTR_C_2012",2012,"LTR",5,500,3,11,1,3,0,0,0,0,0,0,2,6,0,3,0,1,0,0,0,1,0,0,0,0,0,0,1,1,0,0,0
"217","LTR_C_2013",2013,"LTR",5,500,0,5,3,2,0,0,0,0,0,0,1,4,1,3,0,1,0,0,0,0,0,0,0,0,0,1,1,2,0,0,0
"218","LTR_C_2014",2014,"LTR",5,500,0,5,1,4,0,0,0,0,0,0,3,1,0,3,0,2,0,0,0,0,0,0,0,0,0,0,2,3,0,0,1
"219","LTR_C_2015",2015,"LTR",5,500,0,5,1,2,0,0,0,0,0,0,3,5,1,3,0,2,0,0,0,1,0,0,0,0,0,0,1,0,0,0,1
"220","LTR_C_2016",2016,"LTR",5,500,2,4,6,3,0,0,0,0,0,0,3,4,0,4,0,6,1,0,0,0,0,0,0,0,0,0,1,1,1,1,1
"221","LTR_C_2017",2017,"LTR",5,500,0,1,3,4,1,0,0,0,0,0,1,1,0,1,0,2,0,2,1,1,0,0,0,0,0,0,1,1,2,2,5
"222","LTR_C_2018",2018,"LTR",5,500,2,5,1,3,0,0,0,0,0,0,4,2,0,8,0,1,0,0,0,1,0,0,0,0,0,0,1,1,0,0,1
"223","LTR_C_2021",2021,"LTR",5,500,0,3,1,4,1,0,0,0,0,0,0,0,0,6,0,1,0,0,1,0,0,0,0,0,1,0,1,3,1,1,4
"224","LTR_C_2022",2022,"LTR",5,500,0,2,1,1,1,0,0,0,0,0,2,0,0,8,0,2,0,0,0,1,0,0,3,0,0,0,1,3,0,0,0
"225","LTR_C_2023",2023,"LTR",5,500,1,2,2,2,0,0,0,0,0,0,3,5,0,8,0,2,0,0,0,6,0,0,0,0,0,0,2,3,1,1,3
"226","LTR_E_2007",2007,"LTR",6.36,636,4,0,2,6,0,0,0,0,0,0,3,4,2,0,0,1,0,0,0,0,0,0,0,0,0,0,3,1,0,0,0
"227","LTR_E_2008",2008,"LTR",6.36,636,3,0,1,5,0,0,0,0,0,0,1,6,2,0,0,2,2,0,0,0,0,0,0,0,0,0,2,1,0,0,0
"228","LTR_E_2009",2009,"LTR",6.36,636,5,2,1,6,0,1,0,0,0,0,4,3,0,0,0,1,0,0,0,0,0,0,0,0,0,0,1,0,0,0,0
"229","LTR_E_2010",2010,"LTR",6,600,6,0,4,4,1,0,0,0,0,0,3,4,2,0,0,2,2,0,0,0,0,0,0,0,0,0,1,0,0,0,0
"230","LTR_E_2011",2011,"LTR",6,600,3,2,2,4,2,0,0,0,0,0,0,1,1,1,0,0,0,0,0,0,0,0,0,0,0,0,1,0,0,0,0
"231","LTR_E_2012",2012,"LTR",6,600,8,8,1,3,0,0,0,0,0,0,3,4,1,1,0,0,1,0,0,1,0,0,0,0,0,0,2,0,0,0,0
"232","LTR_E_2013",2013,"LTR",6,600,2,6,4,7,1,0,0,0,0,0,1,3,1,3,0,1,0,0,0,0,0,0,0,0,0,0,1,0,0,0,1
"233","LTR_E_2014",2014,"LTR",6,600,0,4,2,9,0,0,0,0,0,0,2,3,0,2,0,3,0,0,0,0,0,0,0,0,0,0,1,0,0,0,0
"234","LTR_E_2015",2015,"LTR",6,600,0,2,3,5,0,0,0,0,0,0,6,1,1,1,0,1,0,1,1,0,0,0,0,0,0,0,0,0,1,1,1
"235","LTR_E_2016",2016,"LTR",6,600,1,8,2,5,0,0,0,0,0,0,5,7,0,4,0,1,0,1,0,0,0,0,0,0,0,0,0,2,2,2,3
"236","LTR_E_2017",2017,"LTR",6,600,1,15,2,4,0,0,0,0,0,0,5,6,0,4,0,2,0,0,0,1,0,0,0,0,0,0,0,2,0,0,2
"237","LTR_E_2018",2018,"LTR",6,600,2,7,3,3,0,0,0,0,0,0,3,4,1,2,0,4,0,0,0,0,0,0,0,0,0,0,3,2,0,0,1
"238","LTR_E_2021",2021,"LTR",6,600,0,4,2,8,0,0,0,0,0,0,1,1,0,7,0,1,0,0,0,0,0,0,0,0,0,0,2,2,1,1,1
"239","LTR_E_2022",2022,"LTR",6,600,0,4,2,3,0,0,0,0,0,0,1,0,1,4,0,2,1,0,0,0,0,0,0,0,0,0,3,2,0,0,2
"240","LTR_E_2023",2023,"LTR",6,600,1,2,2,7,0,0,0,1,0,0,4,5,1,4,0,2,1,0,0,3,0,0,0,0,0,0,2,3,1,1,3
"241","LTR_W_2007",2007,"LTR",6.53,653,1,2,2,6,1,1,0,0,0,0,2,1,1,1,0,0,0,0,0,0,0,0,1,0,0,0,0,0,0,0,0
"242","LTR_W_2008",2008,"LTR",6.53,653,3,0,3,7,4,1,0,0,0,0,2,6,1,2,0,3,0,0,0,0,0,0,0,0,0,0,0,0,0,0,0
"243","LTR_W_2009",2009,"LTR",6.53,653,6,4,2,2,1,0,0,0,0,0,0,6,1,1,0,3,0,0,0,0,0,0,0,0,0,0,0,0,0,0,0
"244","LTR_W_2010",2010,"LTR",6,600,3,2,4,4,2,0,0,1,0,0,1,4,0,1,0,4,0,0,0,0,0,0,0,0,0,0,1,0,0,0,0
"245","LTR_W_2011",2011,"LTR",6,600,3,3,2,2,3,1,0,0,0,0,0,5,1,1,0,2,0,0,0,0,0,0,0,0,0,0,0,0,0,0,0
"246","LTR_W_2012",2012,"LTR",6,600,4,12,4,5,0,0,0,0,0,0,1,6,0,2,0,2,0,0,0,1,0,0,0,0,0,0,1,0,0,0,0
"247","LTR_W_2013",2013,"LTR",6,600,1,9,6,7,0,0,0,0,0,0,0,11,0,0,0,1,0,0,0,0,0,0,0,0,0,0,1,0,0,0,0
"248","LTR_W_2014",2014,"LTR",6,600,0,4,4,11,0,0,0,0,0,0,3,8,0,2,0,2,0,0,0,0,0,0,0,0,0,0,0,0,0,0,0
"249","LTR_W_2015",2015,"LTR",6,600,4,2,4,6,0,0,0,0,0,0,0,6,0,1,0,3,0,0,2,0,0,0,0,0,0,0,0,0,0,0,0
"250","LTR_W_2016",2016,"LTR",6,600,1,1,1,3,3,0,0,0,0,0,1,4,0,0,0,1,0,0,2,0,0,0,0,0,0,0,0,1,1,1,2
"251","LTR_W_2017",2017,"LTR",6,600,0,2,3,3,2,0,0,0,0,0,1,4,0,1,0,2,0,0,1,0,2,0,0,0,0,0,2,2,0,0,2
"252","LTR_W_2018",2018,"LTR",6,600,0,2,1,5,0,0,0,0,0,0,2,1,0,0,0,1,0,0,0,0,3,0,0,0,0,0,0,0,0,0,0
"253","LTR_W_2021",2021,"LTR",6,600,0,1,4,8,0,0,0,0,0,0,1,2,1,3,0,1,0,0,3,3,0,0,0,0,1,2,1,1,0,0,0
"254","LTR_W_2022",2022,"LTR",6,600,1,1,2,2,2,0,0,0,0,0,0,1,0,5,0,2,0,0,2,0,0,0,0,0,0,0,0,2,0,0,0
"255","LTR_W_2023",2023,"LTR",6,600,0,0,1,1,0,0,0,0,0,0,4,5,0,2,0,1,0,0,0,1,1,0,0,0,0,0,0,1,0,0,1
"256","PAW_E_2007",2007,"PAW",4.5,449.85,11,1,1,0,1,1,0,0,0,0,1,10,5,0,0,1,0,0,0,0,0,0,0,0,0,0,1,0,0,0,0
"257","PAW_E_2008",2008,"PAW",4.5,449.85,5,2,2,1,0,2,0,0,0,0,0,10,2,1,0,0,0,0,0,0,0,0,0,0,0,1,0,0,0,0,0
"258","PAW_E_2009",2009,"PAW",4.5,449.85,8,0,2,0,2,6,0,0,0,0,5,11,4,0,0,0,0,0,0,0,0,0,0,0,0,1,0,0,0,0,0
"259","PAW_E_2010",2010,"PAW",3,300,3,1,0,1,0,1,0,0,0,0,2,7,2,0,0,0,0,0,0,0,0,0,0,0,0,0,1,0,0,0,0
"260","PAW_E_2011",2011,"PAW",3,300,5,5,1,0,1,1,0,0,0,0,0,9,1,0,0,0,0,0,0,0,0,0,0,0,0,0,1,0,0,0,0
"261","PAW_E_2012",2012,"PAW",3,300,6,5,1,1,0,0,0,0,0,0,1,4,1,0,0,2,0,0,0,0,0,0,0,0,1,1,2,1,0,0,0
"262","PAW_E_2013",2013,"PAW",3,300,3,6,2,0,0,1,0,0,0,0,0,6,2,0,0,1,0,0,0,0,0,0,0,0,0,0,1,0,0,0,0
"263","PAW_E_2014",2014,"PAW",3,300,10,3,2,1,1,0,0,0,0,0,2,7,3,0,0,0,0,0,0,0,0,0,0,0,0,0,1,0,0,0,0
"264","PAW_E_2015",2015,"PAW",3,300,2,1,0,1,2,2,0,0,0,0,2,5,7,1,0,0,0,0,0,0,0,0,0,0,0,2,3,0,1,1,0
"265","PAW_E_2016",2016,"PAW",3,300,4,1,2,0,0,0,0,0,0,0,2,2,3,2,0,1,0,0,0,0,0,0,0,0,1,1,4,1,0,0,0
"266","PAW_E_2017",2017,"PAW",3,300,0,0,2,0,0,2,0,0,0,0,4,3,3,1,0,0,0,0,0,0,0,0,0,0,2,2,3,2,1,1,0
"267","PAW_E_2018",2018,"PAW",3,300,0,1,1,1,0,0,0,0,0,0,3,2,2,3,0,0,0,1,0,0,0,0,0,0,2,1,4,0,0,0,0
"268","PAW_S_2007",2007,"PAW",4.09,409.16,10,1,0,0,4,4,0,0,0,0,5,1,3,0,0,1,0,0,0,0,0,0,0,0,0,1,2,0,0,0,0
"269","PAW_S_2008",2008,"PAW",4.09,409.16,5,1,0,2,0,2,0,0,0,0,3,2,3,0,0,1,0,0,0,0,0,0,0,0,0,2,1,0,0,0,0
"270","PAW_S_2009",2009,"PAW",4.09,409.16,6,1,0,1,3,2,0,0,0,0,4,6,3,0,0,1,0,0,0,0,0,0,0,0,0,0,3,0,0,0,0
"271","PAW_S_2010",2010,"PAW",3,300,3,3,1,1,0,2,0,0,0,0,6,3,2,0,0,0,0,0,0,0,0,0,0,0,0,0,1,1,0,0,0
"272","PAW_S_2011",2011,"PAW",3,300,7,2,0,1,1,3,0,0,0,0,1,6,3,0,0,0,0,0,0,0,0,0,0,0,0,1,3,1,0,0,0
"273","PAW_S_2012",2012,"PAW",3,300,2,6,1,0,2,0,0,0,0,0,1,5,2,0,0,0,0,0,0,0,0,0,0,0,0,1,0,0,0,0,0
"274","PAW_S_2013",2013,"PAW",3,300,2,3,0,0,0,0,0,0,0,0,4,8,2,0,0,1,0,0,0,0,0,0,0,0,0,1,2,0,0,0,0
"275","PAW_S_2014",2014,"PAW",3,300,6,2,1,1,1,0,0,0,0,0,0,7,4,0,0,0,0,0,0,0,0,0,0,0,0,0,0,0,0,0,0
"276","PAW_S_2015",2015,"PAW",3,300,3,1,1,0,3,1,0,0,0,0,1,8,3,0,0,0,0,0,0,0,0,0,0,0,0,1,3,0,0,0,0
"277","PAW_S_2016",2016,"PAW",3,300,1,4,0,0,1,5,0,0,0,0,1,5,4,1,0,2,0,0,0,0,0,0,0,0,0,0,1,0,0,0,0
"278","PAW_S_2017",2017,"PAW",3,300,1,1,2,0,1,1,0,0,0,0,2,8,4,0,0,0,0,0,0,0,0,0,0,0,0,3,1,0,0,0,0
"279","PAW_S_2018",2018,"PAW",3,300,2,4,1,1,2,1,0,0,0,0,2,6,6,0,0,0,0,0,0,0,0,0,0,0,0,1,1,0,0,0,0
"280","PAW_W_2007",2007,"PAW",4.04,403.73,6,1,0,0,1,4,0,0,0,0,2,2,3,0,0,0,0,0,0,0,0,0,0,0,0,0,3,0,0,0,0
"281","PAW_W_2008",2008,"PAW",4.04,403.73,3,1,1,3,0,2,0,0,0,0,7,3,4,1,0,0,0,0,0,0,0,0,0,0,0,0,1,1,0,0,0
"282","PAW_W_2009",2009,"PAW",4.04,403.73,5,0,1,2,2,3,0,0,0,0,2,2,2,2,0,1,0,0,0,0,0,0,0,0,0,1,1,0,0,0,0
"283","PAW_W_2010",2010,"PAW",3,300,4,1,1,0,1,2,0,0,0,0,4,4,2,0,0,0,0,0,0,0,0,0,0,0,0,0,1,0,0,0,0
"284","PAW_W_2011",2011,"PAW",3,300,5,0,0,0,2,2,0,0,0,0,4,2,1,0,0,1,1,0,0,0,0,0,0,0,0,0,1,0,0,0,0
"285","PAW_W_2012",2012,"PAW",3,300,5,2,0,0,2,0,0,0,0,0,4,2,2,0,0,0,0,0,0,0,0,0,0,0,0,1,2,0,0,0,0
"286","PAW_W_2013",2013,"PAW",3,300,3,2,0,0,0,1,0,0,0,0,0,3,3,0,0,1,1,0,0,0,0,0,0,0,1,0,4,0,0,0,0
"287","PAW_W_2014",2014,"PAW",3,300,4,1,0,0,2,0,0,0,0,0,0,5,2,0,0,0,0,0,0,0,0,0,0,0,0,0,1,0,0,0,0
"288","PAW_W_2015",2015,"PAW",3,300,1,0,2,1,1,2,0,0,0,0,0,2,4,1,0,0,0,0,0,0,0,0,0,0,0,2,1,0,0,0,0
"289","PAW_W_2016",2016,"PAW",3,300,12,0,1,0,2,1,0,0,0,0,2,6,1,2,0,2,0,2,0,0,0,0,0,0,1,1,1,1,1,1,0
"290","PAW_W_2017",2017,"PAW",3,300,10,2,1,0,0,4,0,0,0,0,1,4,2,1,0,0,0,0,0,0,0,0,0,0,0,3,4,0,4,4,0
"291","PAW_W_2018",2018,"PAW",3,300,4,2,1,0,3,3,0,0,0,0,3,4,4,0,0,1,0,0,0,0,0,0,0,0,2,2,3,0,0,0,0
"292","PYN_N_2007",2007,"PYN",4.47,447,2,2,2,3,0,1,0,0,0,0,0,3,0,0,0,1,0,0,0,0,0,0,0,0,0,0,0,0,0,0,0
"293","PYN_N_2008",2008,"PYN",4.47,447,2,0,4,3,0,0,0,0,0,0,0,5,0,0,0,2,0,0,0,0,0,0,0,0,0,0,0,0,0,0,0
"294","PYN_N_2009",2009,"PYN",4.47,447,0,0,1,2,0,0,0,0,0,0,2,3,1,1,0,1,0,0,0,0,0,0,0,0,0,0,0,0,0,0,0
"295","PYN_N_2010",2010,"PYN",4,400,1,2,3,2,0,1,0,0,0,0,3,7,1,0,0,2,0,0,0,0,0,0,0,0,0,0,2,1,1,1,0
"296","PYN_N_2011",2011,"PYN",4,400,5,4,2,2,0,2,0,0,0,0,0,3,0,0,0,0,0,0,0,0,0,0,0,0,0,0,1,0,0,0,0
"297","PYN_N_2012",2012,"PYN",4,400,3,7,3,1,0,0,0,0,0,0,1,5,2,1,0,0,0,0,0,0,0,0,0,0,0,0,1,0,0,0,0
"298","PYN_N_2013",2013,"PYN",4,400,1,3,4,4,0,0,0,0,0,0,1,4,0,1,0,2,1,0,0,1,0,0,0,0,0,0,2,1,2,2,0
"299","PYN_N_2014",2014,"PYN",4,400,0,1,2,3,0,0,0,0,0,0,3,2,0,0,0,2,0,0,2,0,2,0,0,0,0,0,1,1,0,0,0
"300","PYN_N_2015",2015,"PYN",4,400,0,1,4,1,0,1,0,0,0,0,0,0,0,0,0,2,0,0,1,1,0,0,0,0,0,0,1,2,0,0,0
"301","PYN_N_2016",2016,"PYN",4,400,0,2,4,0,0,0,0,0,0,0,0,2,0,1,0,1,1,0,1,0,2,0,0,0,0,0,1,1,1,1,1
"302","PYN_N_2017",2017,"PYN",4,400,0,3,3,1,0,0,0,0,0,0,0,2,0,1,0,0,1,2,1,0,0,0,0,0,0,0,2,2,3,3,2
"303","PYN_N_2018",2018,"PYN",4,400,0,4,4,1,0,0,0,0,0,0,0,2,0,5,0,2,0,1,0,0,0,0,0,0,0,0,1,2,1,1,1
"304","PYN_N_2021",2021,"PYN",4,400,0,3,2,3,0,0,0,0,0,0,9,5,0,1,0,2,0,0,0,0,0,0,0,0,0,0,2,1,1,1,1
"305","PYN_N_2022",2022,"PYN",4,400,0,2,2,2,0,0,0,0,0,0,3,4,0,0,0,2,1,0,0,1,0,0,0,0,0,0,3,2,2,2,1
"306","PYN_N_2023",2023,"PYN",4,400,3,2,3,4,0,0,0,0,0,0,2,5,0,1,0,1,0,0,1,0,0,0,0,0,0,0,2,3,1,1,3
"307","PYN_S_2007",2007,"PYN",3.89,389,7,0,2,5,1,2,0,0,0,0,1,3,1,0,0,0,0,0,0,0,0,0,0,0,0,0,1,0,0,0,0
"308","PYN_S_2008",2008,"PYN",3.89,389,2,0,4,8,2,0,0,0,0,0,1,1,0,0,0,0,0,0,0,0,0,0,0,0,0,0,1,1,0,0,0
"309","PYN_S_2009",2009,"PYN",3.89,389,0,0,1,3,0,0,0,0,0,0,0,0,0,0,0,1,0,0,4,1,0,0,0,0,0,0,0,1,0,0,0
"310","PYN_S_2010",2010,"PYN",3,300,3,1,3,4,0,0,0,0,0,0,1,5,1,0,0,0,0,0,0,0,0,0,0,0,0,0,0,1,1,1,0
"311","PYN_S_2011",2011,"PYN",3,300,3,1,3,2,2,1,0,0,0,0,2,3,1,0,0,0,0,0,0,0,0,0,0,0,0,0,0,0,0,0,0
"312","PYN_S_2012",2012,"PYN",3,300,1,3,4,4,0,0,0,0,0,0,0,0,0,0,0,0,0,0,0,0,0,0,0,0,0,0,0,0,0,0,0
"313","PYN_S_2013",2013,"PYN",3,300,1,2,2,2,0,0,0,0,0,0,2,3,0,1,0,2,2,0,0,1,0,0,0,0,0,0,0,0,0,0,0
"314","PYN_S_2014",2014,"PYN",3,300,2,1,4,4,0,0,0,0,0,0,3,0,1,1,0,1,0,0,0,0,0,0,0,0,0,0,1,0,0,0,0
"315","PYN_S_2015",2015,"PYN",3,300,0,0,2,1,0,0,0,0,0,0,1,0,0,0,0,1,0,0,3,2,0,0,0,0,0,0,0,0,1,1,0
"316","PYN_S_2016",2016,"PYN",3,300,0,0,3,2,0,0,0,0,0,0,2,0,0,1,0,1,0,0,1,0,0,0,0,0,0,0,0,0,0,0,1
"317","PYN_S_2017",2017,"PYN",3,300,2,1,3,4,1,0,0,0,0,0,3,3,0,1,0,1,0,1,0,0,0,0,0,0,0,0,0,2,0,0,0
"318","PYN_S_2018",2018,"PYN",3,300,1,1,2,2,0,0,0,0,0,0,0,1,0,2,0,1,1,0,0,0,0,0,0,0,0,0,0,0,1,1,0
"319","PYN_S_2021",2021,"PYN",3,300,0,0,1,1,0,0,0,0,0,0,0,1,0,1,0,1,0,0,0,0,0,0,0,0,0,0,2,1,1,1,0
"320","PYN_S_2022",2022,"PYN",3,300,0,3,1,7,0,0,0,0,0,0,2,1,0,2,0,1,1,0,0,0,0,0,0,0,0,0,2,1,0,0,1
"321","PYN_S_2023",2023,"PYN",3,300,2,0,4,10,0,0,0,0,0,0,2,2,1,0,0,1,0,0,0,0,0,0,0,0,1,0,1,1,1,1,1
"322","PYN_W_2007",2007,"PYN",5.04,504.05,5,3,1,4,1,0,0,0,0,0,1,4,0,0,0,1,0,0,0,0,0,0,0,0,0,0,1,1,0,0,0
"323","PYN_W_2008",2008,"PYN",5.04,504.05,2,0,2,6,0,0,0,0,0,0,1,2,0,1,0,1,0,0,0,1,0,0,0,0,0,0,0,1,0,0,0
"324","PYN_W_2009",2009,"PYN",5.04,504.05,2,0,2,4,0,0,0,0,0,0,3,4,1,1,0,0,0,0,0,2,0,0,0,0,0,0,0,3,0,0,0
"325","PYN_W_2010",2010,"PYN",3,300,2,0,3,6,0,0,0,0,0,0,2,2,0,0,0,1,0,0,0,0,0,0,0,0,0,0,0,0,0,0,0
"326","PYN_W_2011",2011,"PYN",3,300,3,2,2,2,0,0,0,0,0,0,2,2,0,0,0,0,1,0,0,0,0,0,0,0,0,0,0,0,0,0,0
"327","PYN_W_2012",2012,"PYN",3,300,6,4,3,2,1,0,0,0,0,0,4,2,0,0,0,2,0,0,0,0,2,0,0,0,0,0,0,0,0,0,0
"328","PYN_W_2013",2013,"PYN",3,300,3,1,3,3,2,0,0,0,0,0,0,1,0,0,0,1,0,0,0,0,0,0,0,0,0,0,2,1,0,0,0
"329","PYN_W_2014",2014,"PYN",3,300,0,0,3,1,0,0,0,0,0,0,0,0,0,0,0,1,1,0,1,0,0,0,0,0,0,0,0,2,2,2,0
"330","PYN_W_2015",2015,"PYN",3,300,1,1,1,6,0,0,0,0,0,0,0,0,0,0,0,1,0,0,0,0,0,0,0,0,0,0,0,0,0,0,0
"331","PYN_W_2016",2016,"PYN",3,300,2,0,4,3,0,0,0,0,0,0,0,0,0,0,0,0,0,0,1,0,0,0,0,0,0,0,0,0,0,0,2
"332","PYN_W_2017",2017,"PYN",3,300,0,1,2,1,0,1,0,0,0,0,0,1,1,0,0,1,1,1,3,1,0,0,0,0,0,0,1,1,0,0,2
"333","PYN_W_2018",2018,"PYN",3,300,0,5,5,4,0,0,0,0,0,0,1,1,0,1,0,1,0,0,0,0,1,0,0,0,0,0,0,1,0,0,1
"334","PYN_W_2021",2021,"PYN",3,300,0,3,2,7,0,0,0,0,0,0,0,1,0,0,0,2,0,0,0,0,0,0,0,0,0,0,0,1,0,0,0
"335","PYN_W_2022",2022,"PYN",3,300,0,3,3,6,0,0,0,0,0,0,1,2,0,0,0,0,1,0,0,0,0,0,0,0,0,0,1,1,0,0,1
"336","PYN_W_2023",2023,"PYN",3,300,1,1,1,1,0,0,0,0,0,0,1,8,0,0,0,1,0,0,0,2,0,0,0,0,0,0,1,1,1,1,1
"337","PYS_N_2007",2007,"PYS",3.69,369.33,4,0,4,6,1,0,0,0,0,0,0,2,0,0,0,4,0,0,0,0,0,0,0,0,0,0,0,0,0,0,0
"338","PYS_N_2008",2008,"PYS",3.69,369.33,3,0,1,6,0,0,0,0,0,0,0,1,0,0,0,2,0,0,0,0,0,0,0,0,0,0,0,0,0,0,0
"339","PYS_N_2009",2009,"PYS",3.69,369.33,2,0,1,2,0,0,0,0,0,0,2,1,0,0,0,2,1,0,0,0,0,0,0,0,0,0,0,1,0,0,0
"340","PYS_N_2010",2010,"PYS",3,300,5,0,0,4,0,0,0,0,0,0,2,3,0,2,0,2,0,0,0,0,0,0,0,0,0,0,0,1,0,0,0
"341","PYS_N_2011",2011,"PYS",3,300,4,4,3,1,2,0,0,0,0,0,0,3,0,2,0,0,0,0,0,0,0,0,0,0,0,0,1,0,0,0,0
"342","PYS_N_2012",2012,"PYS",3,300,3,3,2,3,0,0,0,0,0,0,0,1,0,1,0,1,0,0,0,0,0,0,0,0,0,0,0,0,0,0,0
"343","PYS_N_2013",2013,"PYS",3,300,1,2,3,3,1,0,0,0,0,0,1,1,0,1,0,1,0,0,0,0,0,0,0,0,0,0,0,0,0,0,0
"344","PYS_N_2014",2014,"PYS",3,300,2,2,2,4,0,0,0,0,0,0,2,3,0,0,0,0,1,0,0,0,0,0,0,0,0,0,0,0,0,0,0
"345","PYS_N_2015",2015,"PYS",3,300,4,1,4,3,0,0,0,0,0,0,0,0,0,0,0,0,1,0,0,0,0,0,0,0,0,0,0,0,0,0,0
"346","PYS_N_2016",2016,"PYS",3,300,5,3,2,1,3,0,0,0,0,0,1,0,0,1,0,1,1,1,0,0,0,0,0,0,0,0,0,0,0,0,0
"347","PYS_N_2017",2017,"PYS",3,300,2,3,1,3,3,0,0,0,0,0,0,1,0,1,0,0,0,0,0,0,0,0,0,0,0,0,0,0,0,0,0
"348","PYS_N_2018",2018,"PYS",3,300,2,2,1,3,0,0,0,0,0,0,0,0,0,1,0,1,0,0,0,0,0,0,0,0,0,0,1,1,0,0,0
"349","PYS_N_2021",2021,"PYS",3,300,4,3,1,4,0,0,0,0,0,0,2,0,0,0,0,0,0,0,0,0,0,0,0,0,0,0,0,1,0,0,0
"350","PYS_N_2022",2022,"PYS",3,300,5,4,2,6,0,0,0,0,0,0,1,0,1,3,0,1,0,0,0,0,0,0,0,0,0,0,0,0,0,0,0
"351","PYS_N_2023",2023,"PYS",3,300,0,1,2,5,0,0,0,0,0,0,0,3,1,2,0,1,0,0,0,0,0,0,0,0,0,0,0,0,0,0,0
"352","PYS_S_2007",2007,"PYS",3.37,337,2,1,3,6,1,0,0,0,0,0,0,4,0,1,0,1,0,0,0,0,0,0,0,0,0,0,0,0,0,0,0
"353","PYS_S_2008",2008,"PYS",3.37,337,0,0,0,5,2,0,0,0,0,0,4,2,0,0,2,1,0,0,0,0,0,0,0,0,0,0,1,0,0,0,0
"354","PYS_S_2009",2009,"PYS",3.37,337,0,0,1,2,0,1,0,0,0,0,1,2,0,2,2,1,0,0,0,0,0,0,0,0,0,0,0,0,0,0,0
"355","PYS_S_2010",2010,"PYS",3,300,0,2,3,4,1,0,0,0,0,0,0,3,0,0,0,1,0,0,0,0,0,0,0,0,0,0,0,0,0,0,0
"356","PYS_S_2011",2011,"PYS",3,300,1,2,0,3,0,0,0,0,0,0,2,4,0,0,4,0,0,0,0,0,0,0,0,0,0,0,0,0,0,0,0
"357","PYS_S_2012",2012,"PYS",3,300,2,2,3,4,0,0,0,0,0,0,2,1,0,0,0,1,0,0,0,0,0,0,0,0,0,0,0,0,0,0,0
"358","PYS_S_2013",2013,"PYS",3,300,1,1,3,4,0,0,0,0,0,0,0,1,0,1,1,1,0,0,0,0,0,0,0,0,0,0,0,0,0,0,0
"359","PYS_S_2014",2014,"PYS",3,300,0,1,1,2,0,0,0,0,0,0,0,1,0,2,2,1,0,0,1,1,0,0,0,0,0,0,0,0,0,0,0
"360","PYS_S_2015",2015,"PYS",3,300,5,1,2,2,1,0,0,0,0,0,0,1,0,3,0,1,0,0,0,0,0,0,1,0,0,0,2,0,0,0,0
"361","PYS_S_2016",2016,"PYS",3,300,2,1,1,1,1,0,0,0,0,0,0,0,0,0,1,0,0,0,0,0,0,0,0,1,0,0,0,1,0,0,0
"362","PYS_S_2017",2017,"PYS",3,300,1,1,2,2,0,0,0,0,0,0,0,0,0,3,1,1,0,0,0,1,0,0,0,0,0,0,0,0,0,0,0
"363","PYS_S_2018",2018,"PYS",3,300,2,3,1,2,0,0,0,0,0,0,1,0,0,3,0,1,0,2,0,0,0,0,0,0,0,0,0,0,0,0,0
"364","PYS_S_2021",2021,"PYS",3,300,1,3,0,6,0,0,0,0,0,0,2,1,0,5,0,0,0,0,0,0,0,0,0,0,0,0,0,0,0,0,0
"365","PYS_S_2022",2022,"PYS",3,300,3,2,3,3,0,0,0,0,0,0,0,3,0,2,1,2,0,0,0,0,0,0,0,0,0,0,0,0,0,0,0
"366","PYS_S_2023",2023,"PYS",3,300,0,0,2,4,0,0,0,0,0,0,0,0,0,1,1,1,0,0,0,0,0,0,0,0,0,0,0,0,0,0,1
"367","PYS_W_2007",2007,"PYS",3.97,397.03,1,1,3,6,1,0,0,0,0,0,1,3,0,0,0,0,0,0,0,0,0,0,0,0,0,0,2,0,0,0,0
"368","PYS_W_2008",2008,"PYS",3.97,397.03,3,0,4,9,0,0,0,0,0,0,0,4,0,0,0,0,0,0,0,0,0,0,0,0,0,0,0,1,0,0,0
"369","PYS_W_2009",2009,"PYS",3.97,397.03,2,0,3,3,0,0,0,0,0,0,2,0,0,0,0,1,0,0,0,0,0,0,0,0,0,0,0,0,0,0,0
"370","PYS_W_2010",2010,"PYS",3,300,0,0,2,7,0,0,0,0,0,0,0,1,1,1,0,0,0,0,0,0,0,0,0,0,0,0,0,1,0,0,0
"371","PYS_W_2011",2011,"PYS",3,300,3,1,4,5,1,0,0,0,0,0,0,0,0,0,0,1,0,0,0,0,0,0,0,0,0,0,0,0,0,0,0
"372","PYS_W_2012",2012,"PYS",3,300,4,2,2,3,0,0,0,0,0,0,1,1,0,0,0,0,0,0,0,0,0,0,0,0,0,0,0,0,0,0,0
"373","PYS_W_2013",2013,"PYS",3,300,2,1,3,2,0,0,0,0,0,0,0,0,0,0,0,1,0,0,0,0,0,0,0,0,0,0,0,2,0,0,0
"374","PYS_W_2014",2014,"PYS",3,300,3,1,3,4,0,0,0,0,0,0,1,0,0,0,0,3,0,0,0,0,0,0,0,0,0,0,0,0,0,0,0
"375","PYS_W_2015",2015,"PYS",3,300,2,1,2,7,0,0,0,0,0,0,0,0,0,1,0,0,0,0,1,0,0,0,0,0,0,0,0,0,1,1,1
"376","PYS_W_2016",2016,"PYS",3,300,8,1,7,1,0,0,0,0,0,0,0,1,0,0,0,2,0,1,0,0,0,0,0,0,0,0,0,1,0,0,0
"377","PYS_W_2017",2017,"PYS",3,300,4,0,2,2,5,0,0,0,0,0,1,0,0,0,0,0,0,1,0,0,0,0,0,0,0,0,0,0,0,0,0
"378","PYS_W_2018",2018,"PYS",3,300,3,0,1,3,1,0,0,0,0,0,3,0,0,0,1,0,0,0,0,0,0,0,0,0,0,0,0,1,0,0,0
"379","PYS_W_2021",2021,"PYS",3,300,4,4,2,8,0,0,0,0,0,0,0,0,0,1,0,1,0,0,0,0,0,0,0,0,0,0,0,0,0,0,0
"380","PYS_W_2022",2022,"PYS",3,300,2,2,2,3,0,0,0,0,0,0,2,0,0,1,0,1,0,0,0,0,0,0,0,0,0,0,0,1,0,0,0
"381","PYS_W_2023",2023,"PYS",3,300,4,1,2,6,0,0,0,0,0,0,1,1,0,0,1,1,0,0,0,0,0,0,0,0,0,0,1,0,0,0,0
"382","PYW_C_2007",2007,"PYW",2.97,297.01,0,0,2,6,0,1,0,0,0,0,1,0,0,0,0,2,0,0,0,0,0,0,0,0,0,1,3,3,0,0,0
"383","PYW_C_2008",2008,"PYW",2.97,297.01,1,0,1,6,0,0,0,0,0,0,0,1,1,4,0,1,2,0,0,0,0,0,0,0,0,0,1,1,0,0,1
"384","PYW_C_2009",2009,"PYW",2.97,297.01,1,0,2,2,0,0,0,0,0,0,6,2,0,0,0,2,0,0,0,1,0,0,0,0,0,0,1,1,0,0,0
"385","PYW_C_2010",2010,"PYW",2,200,0,0,2,6,0,0,0,0,0,0,2,0,1,0,0,2,0,0,0,1,0,0,0,0,0,0,0,0,0,0,0
"386","PYW_C_2011",2011,"PYW",2,200,1,2,2,3,1,0,0,0,0,0,0,3,0,0,0,0,0,0,0,0,0,0,0,0,0,0,0,0,0,0,0
"387","PYW_C_2012",2012,"PYW",2,200,1,1,1,3,0,0,0,0,0,0,1,0,0,0,0,1,0,0,0,0,0,0,0,0,0,0,0,0,0,0,0
"388","PYW_C_2013",2013,"PYW",2,200,0,1,2,3,0,0,0,0,0,0,3,0,0,1,0,2,0,0,0,0,0,0,0,0,0,0,2,1,2,2,0
"389","PYW_C_2014",2014,"PYW",2,200,1,0,1,3,1,0,0,0,0,0,1,0,0,0,0,2,0,0,0,1,0,0,0,0,0,0,0,1,0,0,0
"390","PYW_C_2015",2015,"PYW",2,200,0,6,1,2,0,0,0,0,0,0,3,0,0,1,0,3,0,0,0,0,0,0,0,0,0,0,1,0,0,0,0
"391","PYW_C_2016",2016,"PYW",2,200,0,3,1,3,1,0,0,0,0,0,0,0,0,0,0,0,0,0,0,0,0,0,0,0,0,0,0,0,0,0,0
"392","PYW_C_2017",2017,"PYW",2,200,1,2,1,1,3,0,0,0,0,0,1,0,0,1,0,0,0,0,0,0,0,0,0,0,0,0,1,0,0,0,0
"393","PYW_C_2018",2018,"PYW",2,200,6,2,0,3,1,0,0,0,0,0,0,1,0,0,0,2,0,0,0,0,0,0,0,0,0,0,2,0,0,0,0
"394","PYW_C_2021",2021,"PYW",2,200,0,2,0,5,1,0,0,0,0,0,1,0,1,2,1,0,0,0,0,0,0,0,0,0,0,0,1,0,0,0,0
"395","PYW_C_2022",2022,"PYW",2,200,0,4,0,6,0,0,0,0,0,0,1,0,0,3,0,1,0,0,0,0,0,0,0,0,0,0,1,0,0,0,0
"396","PYW_C_2023",2023,"PYW",2,200,2,4,1,2,0,0,0,0,0,0,1,0,0,0,0,1,1,0,0,0,0,0,0,0,0,0,0,0,0,0,1
"397","PYW_N_2007",2007,"PYW",3.51,351.01,4,2,2,3,0,0,0,0,0,0,1,3,0,0,2,0,0,0,0,1,0,0,0,0,0,0,1,0,1,1,0
"398","PYW_N_2008",2008,"PYW",3.51,351.01,3,0,1,3,0,0,0,0,0,0,3,3,0,0,0,0,0,0,0,0,0,0,0,0,0,0,1,1,0,0,0
"399","PYW_N_2009",2009,"PYW",3.51,351.01,3,2,5,3,0,0,0,0,0,0,3,1,0,0,3,0,0,0,0,0,0,0,0,0,0,0,0,1,0,0,0
"400","PYW_N_2010",2010,"PYW",2,200,3,0,4,3,1,0,0,0,0,0,2,2,0,0,0,2,0,0,0,0,0,0,0,0,0,0,2,1,0,0,0
"401","PYW_N_2011",2011,"PYW",2,200,3,0,1,1,0,0,0,0,0,0,1,1,0,0,0,0,0,0,0,0,0,0,0,0,0,0,0,1,0,0,0
"402","PYW_N_2012",2012,"PYW",2,200,2,2,1,3,0,0,0,0,0,0,6,0,0,0,0,1,0,0,0,0,0,0,0,0,0,0,2,0,0,0,0
"403","PYW_N_2013",2013,"PYW",2,200,2,3,2,2,0,0,0,0,0,0,1,2,0,0,0,1,0,0,1,0,0,0,0,0,0,0,1,1,0,0,0
"404","PYW_N_2014",2014,"PYW",2,200,1,1,1,1,0,0,0,0,0,0,1,1,0,2,0,1,0,0,0,0,0,0,0,0,0,0,2,0,0,0,0
"405","PYW_N_2015",2015,"PYW",2,200,0,2,4,2,0,0,0,0,0,0,0,0,0,0,0,1,0,0,0,2,0,0,0,0,0,0,0,1,0,0,0
"406","PYW_N_2016",2016,"PYW",2,200,5,5,1,1,1,0,0,0,0,0,0,2,0,0,0,1,0,0,0,0,0,0,0,0,0,0,0,0,0,0,0
"407","PYW_N_2017",2017,"PYW",2,200,4,1,2,2,0,0,0,0,0,0,0,1,0,1,0,1,0,0,0,0,0,0,0,0,0,0,0,0,1,1,0
"408","PYW_N_2018",2018,"PYW",2,200,2,0,2,2,0,0,0,0,0,0,0,1,1,0,0,1,0,0,0,0,0,0,0,0,0,0,0,1,0,0,1
"409","PYW_N_2021",2021,"PYW",2,200,2,4,1,4,1,0,0,0,0,0,0,0,0,0,0,2,0,1,0,0,0,0,0,0,0,0,0,1,0,0,0
"410","PYW_N_2022",2022,"PYW",2,200,5,6,3,3,1,0,0,0,0,0,0,1,0,1,0,2,0,0,0,0,0,0,0,0,0,0,0,0,0,0,0
"411","PYW_N_2023",2023,"PYW",2,200,3,3,3,4,0,0,0,0,0,0,1,0,0,0,0,1,0,0,0,0,0,0,0,0,0,0,0,1,0,0,1
"412","PYW_S_2007",2007,"PYW",4.11,411.02,0,0,0,4,0,0,0,0,0,0,0,0,0,1,0,0,0,0,0,0,0,0,0,0,0,0,0,0,0,0,0
"413","PYW_S_2008",2008,"PYW",4.11,411.02,0,0,1,5,0,0,0,0,0,0,0,1,0,1,1,2,0,0,0,0,0,0,0,0,0,0,0,0,0,0,0
"414","PYW_S_2009",2009,"PYW",4.11,411.02,1,0,1,3,0,0,0,0,0,0,5,0,0,0,0,1,0,0,2,0,0,0,0,0,0,0,0,0,0,0,0
"415","PYW_S_2010",2010,"PYW",3.5,350,0,0,0,4,1,0,0,0,0,0,0,0,0,3,0,1,0,0,0,0,0,0,0,0,0,0,1,0,0,0,0
"416","PYW_S_2011",2011,"PYW",3.5,350,0,0,1,3,0,0,0,0,0,0,0,0,0,3,0,0,0,0,0,0,0,0,0,0,0,0,0,0,0,0,0
"417","PYW_S_2012",2012,"PYW",3.5,350,0,1,0,3,0,0,0,0,0,0,1,0,0,3,0,0,0,0,0,0,0,0,0,0,0,0,0,0,0,0,0
"418","PYW_S_2013",2013,"PYW",3.5,350,0,0,2,4,0,0,0,0,0,0,2,0,1,2,0,1,1,0,0,0,0,0,0,0,0,0,0,0,0,0,0
"419","PYW_S_2014",2014,"PYW",3.5,350,2,0,0,2,0,0,0,0,0,0,2,0,0,2,0,0,0,0,0,0,0,0,0,0,0,0,0,0,0,0,1
"420","PYW_S_2015",2015,"PYW",3.5,350,0,0,1,4,0,0,0,0,0,0,0,0,0,0,0,1,0,0,0,1,0,0,0,0,0,0,1,0,0,0,0
"421","PYW_S_2016",2016,"PYW",3.5,350,2,0,2,5,1,0,0,0,0,0,0,1,0,2,0,1,0,0,0,0,0,0,0,0,0,0,0,0,0,0,0
"422","PYW_S_2017",2017,"PYW",3.5,350,4,0,1,2,2,0,0,0,0,0,2,0,0,2,0,0,0,0,0,0,0,0,0,0,0,0,0,0,0,0,0
"423","PYW_S_2018",2018,"PYW",3.5,350,0,2,1,2,0,0,0,0,0,0,1,0,0,3,1,2,0,0,0,1,0,0,0,0,0,0,1,0,0,0,0
"424","PYW_S_2021",2021,"PYW",3.5,350,0,1,0,5,0,0,0,0,0,0,0,1,0,3,0,1,0,0,0,2,0,0,0,0,0,0,0,0,0,0,0
"425","PYW_S_2022",2022,"PYW",3.5,350,2,6,1,1,0,0,0,0,0,0,1,0,0,2,0,0,0,0,0,0,0,0,0,0,0,0,1,0,0,0,0
"426","PYW_S_2023",2023,"PYW",3.5,350,0,2,0,4,0,0,0,0,0,0,2,0,0,5,0,2,0,0,0,0,0,0,0,0,0,0,0,1,1,1,0
"427","RC2_C_2014",2014,"RC2",2,200,6,2,0,0,0,0,0,0,0,0,2,6,1,0,0,0,0,0,0,0,0,0,0,0,0,0,3,0,0,0,0
"428","RC2_C_2015",2015,"RC2",2,200,1,0,1,0,0,0,0,0,0,0,0,2,0,0,0,0,0,0,1,0,0,0,0,0,0,0,2,1,1,1,0
"429","RC2_C_2016",2016,"RC2",2,200,3,5,1,0,2,2,0,0,0,0,0,4,0,0,0,0,0,0,0,0,0,0,0,0,0,0,0,0,0,0,0
"430","RC2_C_2017",2017,"RC2",2,200,3,5,0,0,3,5,0,0,0,0,0,0,2,0,0,1,0,0,0,0,0,0,0,0,1,0,1,0,1,1,0
"431","RC2_C_2018",2018,"RC2",2,200,3,2,1,0,1,1,0,0,0,0,0,6,0,0,0,0,0,0,0,0,0,0,0,0,0,1,1,0,1,1,0
"432","RC2_N_2014",2014,"RC2",2,200,2,2,2,2,0,0,0,0,0,0,3,5,0,0,0,0,0,0,0,0,0,0,0,0,0,0,1,1,0,0,0
"433","RC2_N_2015",2015,"RC2",2,200,0,1,0,2,0,0,0,0,0,0,0,5,1,0,0,0,0,0,0,0,0,0,0,0,0,0,0,0,0,0,0
"434","RC2_N_2016",2016,"RC2",2,200,3,8,0,0,2,1,0,0,0,0,0,8,0,0,0,2,0,0,0,0,0,0,0,0,0,0,0,0,0,0,0
"435","RC2_N_2017",2017,"RC2",2,200,2,2,0,0,0,2,0,0,0,0,0,4,0,0,0,0,0,0,0,0,0,0,0,0,0,0,0,0,0,0,0
"436","RC2_N_2018",2018,"RC2",2,200,4,5,0,0,1,0,0,0,0,0,2,4,0,0,0,0,1,0,0,0,0,0,0,0,0,0,0,0,1,1,0
"437","RC2_S_2014",2014,"RC2",2,200,5,4,1,0,0,0,0,0,0,0,1,5,1,0,0,0,0,0,0,0,0,0,0,0,1,0,2,1,0,0,0
"438","RC2_S_2015",2015,"RC2",2,200,5,0,0,0,1,2,0,0,0,0,0,5,0,0,0,1,0,0,0,0,0,0,0,0,0,0,3,0,0,0,0
"439","RC2_S_2016",2016,"RC2",2,200,1,2,0,0,2,1,0,0,0,0,2,1,1,0,0,0,0,0,0,0,0,0,0,0,0,0,2,0,1,1,0
"440","RC2_S_2017",2017,"RC2",2,200,3,2,0,0,1,3,0,0,0,0,1,1,2,0,0,0,0,0,0,0,0,0,0,0,0,0,2,0,1,1,0
"441","RC2_S_2018",2018,"RC2",2,200,4,0,0,0,1,0,0,0,0,0,1,2,1,0,0,0,0,0,0,0,0,0,0,0,0,0,1,0,0,0,0
"442","RCH2007_N_2007",2007,"RCH2007",1.96,196.16,1,3,1,1,0,3,0,0,0,0,0,4,1,1,0,2,0,0,0,0,0,0,0,0,0,0,0,0,0,0,0
"443","RCH2007_N_2008",2008,"RCH2007",1.96,196.16,2,0,2,1,2,6,0,0,0,0,0,4,2,1,0,0,0,0,0,0,0,0,0,0,0,0,0,0,0,0,0
"444","RCH2007_N_2009",2009,"RCH2007",1.96,196.16,2,2,0,0,1,1,0,0,0,0,0,3,1,0,0,1,0,0,1,0,0,0,0,0,0,0,0,0,0,0,0
"445","RCH2007_N_2010",2010,"RCH2007",2,200,1,0,0,0,0,4,0,0,0,0,2,0,1,2,0,0,0,0,0,0,0,0,0,0,0,0,1,0,0,0,0
"446","RCH2007_N_2011",2011,"RCH2007",2,200,2,1,0,1,1,0,0,0,0,0,1,1,0,1,0,0,0,0,0,0,0,0,0,0,0,0,1,1,0,0,0
"447","RCH2007_N_2012",2012,"RCH2007",2,200,5,4,0,1,0,0,0,0,0,0,3,0,0,2,0,0,0,0,0,0,0,0,0,0,0,0,1,0,0,0,0
"448","RCH2007_N_2013",2013,"RCH2007",2,200,3,3,2,1,0,0,0,0,0,0,0,1,1,1,0,0,0,0,0,0,0,0,0,0,0,1,1,0,0,0,0
"449","RCH2007_S_2007",2007,"RCH2007",2.85,285,0,3,2,4,1,2,0,0,0,0,1,3,1,1,0,3,1,0,1,0,0,0,0,0,0,0,2,1,0,0,0
"450","RCH2007_S_2008",2008,"RCH2007",2.85,285,1,1,0,3,0,2,0,0,0,0,1,3,0,1,0,1,1,0,0,0,0,0,0,0,0,0,0,1,1,1,0
"451","RCH2007_S_2009",2009,"RCH2007",2.85,285,8,2,0,0,1,0,0,0,0,0,5,1,1,2,0,5,1,3,0,0,0,0,0,0,0,0,0,0,0,0,0
"452","RCH2007_S_2010",2010,"RCH2007",3,300,2,1,1,0,1,2,0,0,0,0,2,0,1,2,0,3,0,0,0,0,0,0,0,0,0,0,1,0,2,2,0
"453","RCH2007_S_2011",2011,"RCH2007",3,300,4,1,0,0,0,0,0,0,0,0,0,2,0,2,0,2,0,0,0,0,0,0,0,0,0,0,1,1,0,0,0
"454","RCH2007_S_2012",2012,"RCH2007",3,300,0,2,0,0,0,0,0,0,0,0,1,0,1,4,0,2,0,0,0,0,0,0,0,0,0,0,1,0,0,0,0
"455","RCH2007_S_2013",2013,"RCH2007",3,300,1,5,1,2,0,0,0,0,0,0,5,0,0,6,0,2,0,0,0,2,0,0,0,0,0,0,1,1,0,0,0
"456","RCH2007_W_2007",2007,"RCH2007",2.46,246.01,1,3,2,4,0,2,0,0,0,0,1,1,1,2,0,0,0,0,0,0,0,0,0,0,0,0,3,0,0,0,0
"457","RCH2007_W_2008",2008,"RCH2007",2.46,246.01,2,1,1,2,0,3,0,0,0,0,3,1,1,1,0,1,0,0,0,0,0,0,0,0,0,0,0,2,0,0,1
"458","RCH2007_W_2009",2009,"RCH2007",2.46,246.01,7,2,1,1,1,0,0,0,0,0,0,2,0,2,0,3,0,0,0,0,0,0,0,0,0,0,1,0,0,0,0
"459","RCH2007_W_2010",2010,"RCH2007",3,300,4,0,1,0,0,3,0,0,0,0,3,2,2,3,0,4,1,0,0,0,0,0,0,0,0,0,2,0,0,0,0
"460","RCH2007_W_2011",2011,"RCH2007",3,300,0,0,0,0,1,0,0,0,0,0,1,0,0,2,0,2,0,0,0,0,0,0,0,0,1,0,0,0,0,0,0
"461","RCH2007_W_2012",2012,"RCH2007",3,300,0,3,0,1,0,0,0,0,0,0,6,0,2,5,0,1,0,0,0,1,0,0,0,0,0,0,1,0,0,0,0
"462","RCH2007_W_2013",2013,"RCH2007",3,300,1,6,1,1,0,0,0,0,0,0,1,0,2,2,0,1,0,0,0,1,0,0,0,0,0,0,1,0,0,0,0
"463","RCH2014_C_2014",2014,"RCH2014",3,300,2,2,1,3,1,2,0,0,0,0,0,1,0,2,0,2,0,0,0,0,0,0,0,0,0,0,3,0,1,1,0
"464","RCH2014_C_2015",2015,"RCH2014",3,300,0,2,1,2,0,0,0,0,0,0,6,1,0,1,0,2,0,0,0,0,0,0,0,0,0,0,1,0,0,0,0
"465","RCH2014_C_2016",2016,"RCH2014",3,300,0,2,1,2,0,0,0,0,0,0,1,1,1,3,0,3,0,0,0,0,0,0,0,0,0,0,2,0,0,0,0
"466","RCH2014_C_2017",2017,"RCH2014",3,300,1,5,2,1,3,1,0,0,0,0,2,0,1,4,0,2,0,0,0,0,0,0,0,0,0,0,2,1,0,0,0
"467","RCH2014_C_2018",2018,"RCH2014",3,300,0,4,2,1,0,0,0,0,0,0,0,1,1,2,0,1,0,0,0,0,0,0,0,0,0,0,1,0,0,0,0
"468","RCH2014_C_2021",2021,"RCH2014",3,300,0,0,0,4,0,0,0,0,0,0,0,0,1,5,0,2,0,0,0,0,0,0,3,0,0,0,1,0,1,1,0
"469","RCH2014_C_2022",2022,"RCH2014",3,300,2,2,3,3,0,0,0,0,0,0,4,0,1,3,0,2,0,0,0,0,0,0,0,0,0,0,1,1,0,0,0
"470","RCH2014_C_2023",2023,"RCH2014",3,300,0,1,2,1,0,0,0,0,0,0,1,0,1,5,0,3,0,0,0,0,0,0,0,0,0,0,1,0,1,1,0
"471","RCH2014_E_2014",2014,"RCH2014",3,300,7,4,2,2,4,1,0,0,0,0,2,2,0,0,0,2,0,0,0,0,0,0,0,0,0,0,0,1,0,0,0
"472","RCH2014_E_2015",2015,"RCH2014",3,300,6,1,1,2,0,0,0,0,0,0,0,3,0,2,0,1,1,0,0,0,0,0,0,0,0,0,0,0,1,1,0
"473","RCH2014_E_2016",2016,"RCH2014",3,300,2,3,3,3,3,0,0,0,0,0,2,0,0,2,0,1,0,0,0,0,0,0,0,0,0,0,1,0,1,1,0
"474","RCH2014_E_2017",2017,"RCH2014",3,300,0,1,1,2,1,0,0,0,0,0,2,0,0,3,0,0,0,1,0,0,0,0,0,0,0,0,0,2,0,0,0
"475","RCH2014_E_2018",2018,"RCH2014",3,300,3,4,1,2,2,0,0,0,0,0,2,0,1,6,0,1,0,0,0,0,0,0,0,0,0,0,0,0,0,0,0
"476","RCH2014_E_2021",2021,"RCH2014",3,300,3,2,1,6,0,0,0,0,0,0,0,0,0,6,0,0,0,0,0,0,0,0,0,0,0,0,1,0,1,1,0
"477","RCH2014_E_2022",2022,"RCH2014",3,300,3,5,0,6,0,0,0,0,0,0,0,0,0,3,0,2,0,0,0,0,0,0,0,0,0,0,1,0,0,0,0
"478","RCH2014_E_2023",2023,"RCH2014",3,300,1,3,1,1,0,0,0,0,0,0,3,0,0,8,0,2,0,0,0,0,0,0,0,0,0,0,0,0,0,0,0
"479","RCH2014_N_2015",2015,"RCH2014",3,300,0,0,1,0,0,0,0,0,0,0,0,3,0,1,0,0,0,0,0,0,0,0,0,0,0,0,2,0,0,0,0
"480","RCH2014_W_2014",2014,"RCH2014",2,200,0,2,1,3,0,0,0,0,0,0,0,1,0,1,0,0,0,0,0,0,0,0,0,0,0,0,0,0,0,0,0
"481","RCH2014_W_2015",2015,"RCH2014",2,200,2,2,2,1,0,0,0,0,0,0,2,4,0,1,0,0,0,0,0,0,0,0,0,0,0,0,1,0,0,0,0
"482","RCH2014_W_2016",2016,"RCH2014",2,200,2,5,2,2,0,0,0,0,0,0,1,4,0,0,0,2,0,0,0,0,0,0,0,0,0,0,0,0,2,2,0
"483","RCH2014_W_2017",2017,"RCH2014",2,200,0,4,0,2,0,0,0,0,0,0,2,2,0,1,0,2,0,0,0,0,0,0,0,0,0,0,1,0,1,1,0
"484","RCH2014_W_2018",2018,"RCH2014",2,200,3,3,2,1,0,0,0,0,0,0,0,4,1,0,0,0,0,0,0,0,0,0,0,0,0,0,1,0,1,1,0
"485","RCH2014_W_2021",2021,"RCH2014",2,200,0,3,0,2,0,0,0,0,0,0,0,3,0,5,0,0,0,0,0,0,0,0,0,0,0,0,1,1,0,0,0
"486","RCH2014_W_2022",2022,"RCH2014",2,200,2,8,0,1,0,0,0,0,0,0,3,4,0,2,0,1,0,0,1,0,0,0,0,0,0,0,0,0,0,0,0
"487","RCH2014_W_2023",2023,"RCH2014",2,200,2,3,0,0,0,0,0,0,0,0,4,1,0,1,0,2,0,0,0,0,0,0,0,0,0,0,2,0,2,2,0
"488","RIE_E_2015",2015,"RIE",2,300,2,7,1,2,0,1,0,0,0,0,0,6,2,1,0,3,0,0,0,0,0,0,0,0,0,0,1,0,0,0,0
"489","RIE_E_2016",2016,"RIE",3,300,1,11,0,0,0,2,0,0,0,0,2,15,1,0,1,0,0,0,0,0,0,0,0,0,0,0,0,0,0,0,0
"490","RIE_E_2021",2021,"RIE",3,300,0,9,1,2,0,0,0,0,0,0,2,11,3,1,0,0,0,0,0,0,0,0,0,0,2,1,1,0,1,1,1
"491","RIE_E_2022",2022,"RIE",3,300,0,7,1,2,0,0,0,0,0,0,0,6,2,0,0,0,0,0,0,0,0,0,0,0,1,1,1,1,0,0,0
"492","RIE_E_2023",2023,"RIE",3,300,3,6,0,2,0,0,0,0,0,0,1,8,3,2,0,0,0,0,0,0,0,0,0,0,0,0,0,0,0,0,0
"493","RIE_N_2015",2015,"RIE",5,500,4,7,1,0,0,0,0,0,0,0,1,10,2,7,0,2,0,0,0,0,0,0,0,0,1,1,3,0,2,2,0
"494","RIE_N_2016",2016,"RIE",5,500,5,8,2,0,0,1,0,0,0,0,4,8,4,2,0,2,0,0,0,0,0,0,0,0,1,2,2,0,1,1,0
"495","RIE_N_2021",2021,"RIE",5,500,0,5,0,0,0,0,0,0,0,0,3,14,3,3,0,0,0,0,0,0,0,0,0,0,4,6,5,2,0,0,0
"496","RIE_N_2022",2022,"RIE",5,500,0,3,1,0,0,0,0,0,0,0,4,7,1,4,0,1,2,1,0,0,0,0,0,0,3,5,6,2,1,1,0
"497","RIE_N_2023",2023,"RIE",5,500,0,3,1,0,0,0,0,1,0,0,3,5,3,6,0,2,1,0,0,0,0,0,0,0,3,4,10,3,1,1,0
"498","RIE_W_2015",2015,"RIE",3,300,10,6,1,1,0,1,0,0,0,0,0,3,1,0,0,0,0,0,0,0,0,0,0,0,0,0,0,0,0,0,0
"499","RIE_W_2016",2016,"RIE",3,300,6,6,0,0,0,5,0,0,0,0,0,12,3,0,0,1,0,0,0,0,0,0,0,0,0,0,3,0,0,0,0
"500","RIE_W_2021",2021,"RIE",3,300,0,8,2,5,0,0,0,0,0,0,1,12,4,0,0,1,0,1,0,0,0,0,0,0,0,1,0,1,0,0,0
"501","RIE_W_2022",2022,"RIE",3,300,0,3,1,0,0,0,0,0,0,0,0,9,2,0,0,0,0,1,0,0,0,0,0,0,0,0,0,2,0,0,0
"502","RIE_W_2023",2023,"RIE",3,300,6,4,0,1,0,0,0,0,0,0,2,15,4,0,0,0,1,0,0,0,1,0,0,0,0,1,2,0,0,0,0
"503","RIN_E_2007",2007,"RIN",2.25,224.96,0,1,1,1,2,1,0,0,0,0,0,3,1,0,0,1,0,1,0,0,0,0,0,0,0,0,1,0,0,0,0
"504","RIN_E_2008",2008,"RIN",2.25,224.96,0,0,0,1,1,0,0,0,0,0,0,2,1,0,0,0,0,0,0,0,0,0,0,0,0,0,1,0,0,0,0
"505","RIN_E_2009",2009,"RIN",2.25,224.96,0,0,0,1,0,0,0,0,0,0,0,1,1,0,0,0,0,0,0,0,0,0,0,0,0,0,0,0,0,0,0
"506","RIN_E_2010",2010,"RIN",3,300,0,0,0,2,2,0,0,0,0,0,2,1,1,1,0,0,0,0,0,0,0,0,0,0,0,0,1,0,0,0,1
"507","RIN_E_2011",2011,"RIN",3,300,3,0,0,1,1,1,0,0,0,0,0,1,1,0,0,0,0,0,0,0,0,0,0,0,0,0,1,0,0,0,0
"508","RIN_E_2012",2012,"RIN",3,300,0,2,0,1,0,0,0,0,0,0,2,1,1,0,0,0,3,1,0,0,0,0,0,0,0,0,0,0,0,0,0
"509","RIN_E_2013",2013,"RIN",3,300,0,2,0,2,2,0,0,0,0,0,0,3,1,2,0,2,0,0,0,0,0,0,0,0,0,0,1,0,0,0,0
"510","RIN_E_2014",2014,"RIN",3,300,1,2,0,1,0,0,0,0,0,0,3,1,0,0,0,0,0,0,0,0,0,0,0,0,0,0,0,0,0,0,0
"511","RIN_E_2015",2015,"RIN",3,300,0,2,0,1,2,0,0,0,0,0,0,3,2,0,0,2,3,0,0,0,0,0,0,0,0,0,1,0,0,0,0
"512","RIN_E_2016",2016,"RIN",3,300,0,1,1,1,1,1,0,0,0,0,0,2,1,2,0,3,1,0,0,0,0,0,0,0,0,0,2,0,0,0,0
"513","RIN_E_2017",2017,"RIN",3,300,0,2,0,1,0,0,0,1,0,0,3,5,3,1,1,2,1,1,0,0,0,0,0,0,0,0,2,0,0,0,0
"514","RIN_E_2018",2018,"RIN",3,300,0,2,1,2,3,0,0,0,0,0,5,7,2,0,2,2,0,0,0,0,0,0,0,0,1,0,3,1,0,0,0
"515","RIN_E_2021",2021,"RIN",3,300,0,6,0,0,0,0,0,0,0,0,0,8,3,1,0,2,3,0,0,0,0,0,0,0,0,2,2,1,0,0,0
"516","RIN_E_2022",2022,"RIN",3,300,0,2,1,1,2,0,1,0,0,0,1,7,2,3,0,1,6,1,0,0,0,0,0,0,1,0,1,0,0,0,0
"517","RIN_E_2023",2023,"RIN",3,300,0,1,1,1,0,0,0,0,0,0,2,5,3,1,0,2,1,1,0,0,0,0,0,0,1,0,1,0,0,0,0
"518","RIN_S_2007",2007,"RIN",1.62,161.97,0,0,0,1,2,0,0,0,0,0,0,0,1,0,0,1,0,0,0,0,0,0,0,0,0,0,0,0,0,0,0
"519","RIN_S_2008",2008,"RIN",1.62,161.97,0,0,0,1,1,0,0,0,0,0,0,1,1,0,0,0,0,0,0,0,0,0,0,0,0,0,0,0,0,0,0
"520","RIN_S_2009",2009,"RIN",1.62,161.97,0,0,0,1,0,0,0,0,0,0,0,1,0,0,0,2,0,0,0,0,0,0,0,0,0,0,0,0,0,0,0
"521","RIN_S_2010",2010,"RIN",1,100,0,0,0,0,1,0,0,0,0,0,0,0,2,0,0,1,0,0,0,0,0,0,0,0,0,0,0,0,0,0,0
"522","RIN_S_2011",2011,"RIN",1,100,0,0,0,1,2,0,0,0,0,0,0,0,0,0,0,0,0,0,0,0,0,0,0,0,0,0,0,0,0,0,0
"523","RIN_S_2012",2012,"RIN",1,100,0,1,0,1,0,0,0,0,0,0,0,3,0,0,0,0,0,0,0,0,0,0,0,0,0,0,1,0,0,0,0
"524","RIN_S_2013",2013,"RIN",1,100,0,0,0,2,3,0,0,0,0,0,0,0,1,1,0,2,1,0,0,0,0,0,0,0,0,0,1,0,0,0,0
"525","RIN_S_2014",2014,"RIN",1,100,0,0,1,0,1,0,0,0,0,0,0,0,0,0,0,0,0,0,0,0,0,0,0,0,0,0,0,0,0,0,0
"526","RIN_S_2015",2015,"RIN",1,100,0,0,1,0,1,0,0,0,0,0,1,0,0,1,0,1,2,0,0,0,0,0,0,0,0,0,0,0,0,0,0
"527","RIN_S_2016",2016,"RIN",1,100,0,0,1,1,1,0,0,0,0,0,0,0,0,0,0,0,1,1,0,0,0,0,0,0,0,0,0,0,0,0,0
"528","RIN_S_2017",2017,"RIN",1,100,0,0,0,1,0,1,0,1,0,0,1,0,1,0,0,0,3,0,0,0,0,0,0,0,0,0,0,0,0,0,0
"529","RIN_S_2018",2018,"RIN",1,100,0,1,0,0,2,1,0,0,0,0,0,1,0,0,0,0,0,0,0,0,0,0,0,0,0,0,2,0,0,0,0
"530","RIN_S_2021",2021,"RIN",1,100,0,3,0,1,0,0,0,0,0,0,0,0,0,0,0,0,0,0,0,0,0,0,0,0,0,0,0,0,0,0,0
"531","RIN_S_2022",2022,"RIN",1,100,0,2,0,0,2,0,0,0,0,0,0,0,0,2,0,1,1,0,0,0,0,0,0,0,0,0,1,0,0,0,0
"532","RIN_S_2023",2023,"RIN",1,100,1,0,0,1,1,0,0,0,0,0,0,0,0,0,0,1,1,0,0,0,0,0,0,0,0,0,1,0,0,0,0
"533","RIN_W_2007",2007,"RIN",2.53,252.94,0,0,0,2,5,0,0,0,0,0,0,0,0,0,0,0,0,0,0,0,0,0,0,0,0,0,0,0,0,0,0
"534","RIN_W_2008",2008,"RIN",2.53,252.94,0,0,0,1,2,0,0,0,0,0,0,0,0,0,0,0,0,0,0,0,0,0,0,0,0,0,0,0,0,0,0
"535","RIN_W_2009",2009,"RIN",2.53,252.94,0,0,0,1,1,0,0,0,0,0,1,0,1,1,0,0,2,0,0,0,0,0,0,0,0,0,1,0,0,0,0
"536","RIN_W_2010",2010,"RIN",2,200,0,0,0,3,3,0,0,0,0,0,1,0,1,1,0,0,0,0,0,0,0,0,0,0,0,0,1,0,0,0,0
"537","RIN_W_2011",2011,"RIN",2,200,1,1,0,0,2,0,0,0,0,0,1,0,0,1,0,0,0,0,0,0,0,0,0,0,0,0,0,0,0,0,0
"538","RIN_W_2012",2012,"RIN",2,200,0,3,0,1,0,0,0,0,0,0,0,0,1,1,0,0,1,0,0,0,0,0,0,0,0,0,0,0,0,0,0
"539","RIN_W_2013",2013,"RIN",2,200,0,0,0,2,4,0,0,0,0,0,0,0,1,2,0,0,0,0,0,0,0,0,0,0,0,0,0,0,0,0,0
"540","RIN_W_2014",2014,"RIN",2,200,0,1,0,1,0,0,0,0,0,0,0,0,0,0,0,0,0,0,0,0,0,0,0,0,0,0,0,0,0,0,0
"541","RIN_W_2015",2015,"RIN",2,200,0,0,0,0,1,0,0,0,0,0,0,0,2,1,0,0,1,0,0,0,0,0,0,0,0,0,0,0,0,0,0
"542","RIN_W_2016",2016,"RIN",2,200,0,0,0,1,2,0,0,0,0,0,0,0,2,2,0,0,0,0,0,0,0,0,0,0,1,0,0,0,0,0,0
"543","RIN_W_2017",2017,"RIN",2,200,0,2,0,1,1,1,0,0,0,0,3,0,1,0,0,1,2,0,0,0,0,0,0,0,0,0,0,0,0,0,0
"544","RIN_W_2018",2018,"RIN",2,200,1,1,1,1,1,0,0,0,0,0,1,0,2,1,0,0,0,0,0,0,0,0,0,0,0,0,1,0,0,0,0
"545","RIN_W_2021",2021,"RIN",2,200,0,3,0,1,0,0,0,0,0,0,0,2,2,2,0,2,1,0,0,0,0,0,0,0,0,1,1,0,0,0,0
"546","RIN_W_2022",2022,"RIN",2,200,0,2,0,1,0,0,1,0,0,0,0,1,2,3,0,1,0,0,0,0,0,0,0,0,0,0,3,0,1,1,1
"547","RIN_W_2023",2023,"RIN",2,200,1,1,0,1,1,1,0,0,0,0,0,0,3,1,0,0,0,0,0,0,0,0,0,0,0,0,1,0,0,0,0
"548","RIS_C_2007",2007,"RIS",5.6,559.67,0,0,1,9,4,0,0,0,0,0,1,1,1,3,0,1,0,0,0,0,0,0,0,0,1,0,2,1,0,0,0
"549","RIS_C_2008",2008,"RIS",5.6,559.67,1,0,2,5,1,0,0,1,1,1,2,0,3,1,0,2,0,0,0,0,0,0,1,0,0,0,2,1,0,0,0
"550","RIS_C_2009",2009,"RIS",5.6,559.67,1,2,4,5,0,0,0,0,0,0,3,1,2,3,0,4,0,1,0,3,0,0,0,0,0,0,2,1,0,0,0
"551","RIS_C_2010",2010,"RIS",4,400,0,0,1,5,0,0,0,0,0,0,2,5,1,6,0,3,0,0,0,0,0,0,0,0,0,0,1,0,0,0,0
"552","RIS_C_2011",2011,"RIS",4,400,1,2,1,3,6,0,0,0,0,0,0,0,0,5,0,2,0,0,0,0,0,0,0,0,1,0,1,0,0,0,0
"553","RIS_C_2012",2012,"RIS",4,400,6,11,1,1,3,0,0,0,0,0,2,1,2,3,0,1,0,2,0,0,0,0,0,0,1,0,2,1,0,0,0
"554","RIS_C_2013",2013,"RIS",4,400,1,3,5,3,3,0,0,0,0,0,2,0,3,8,0,2,0,0,0,0,0,0,0,0,1,0,1,1,0,0,0
"555","RIS_C_2014",2014,"RIS",4,400,1,6,2,4,3,0,0,0,0,0,3,0,2,4,0,2,0,0,1,0,0,0,0,0,0,0,4,0,1,1,0
"556","RIS_C_2015",2015,"RIS",4,400,0,2,4,2,0,0,0,0,0,0,1,0,1,2,0,1,0,1,1,0,0,0,0,0,0,0,2,2,1,1,0
"557","RIS_C_2016",2016,"RIS",4,400,1,8,5,0,3,0,0,0,0,0,5,2,1,4,0,1,0,0,0,0,0,0,0,0,1,0,2,0,0,0,0
"558","RIS_C_2017",2017,"RIS",4,400,0,1,3,1,3,0,0,0,0,0,2,0,1,5,0,2,1,0,0,0,0,0,0,0,1,0,3,1,0,0,0
"559","RIS_C_2018",2018,"RIS",4,400,0,2,2,1,0,0,0,0,0,0,2,2,1,4,0,2,0,1,2,0,0,0,0,0,0,0,0,2,0,0,1
"560","RIS_C_2021",2021,"RIS",3.75,375,0,4,1,2,0,0,0,0,0,0,1,1,4,11,0,1,0,0,0,0,0,0,0,0,1,1,2,1,0,0,0
"561","RIS_C_2022",2022,"RIS",3.75,375,0,4,2,0,0,0,0,0,0,0,5,2,2,5,0,0,0,0,0,0,0,0,0,0,1,0,3,1,0,0,0
"562","RIS_C_2023",2023,"RIS",3.75,375,0,4,1,1,3,0,0,0,0,0,5,0,3,8,0,0,0,0,0,0,0,0,0,0,2,0,3,0,0,0,0
"563","RIS_N_2007",2007,"RIS",5.26,525.92,0,1,1,6,2,0,0,0,0,0,2,2,1,1,0,1,1,0,0,0,0,0,0,0,0,0,2,2,0,0,2
"564","RIS_N_2008",2008,"RIS",5.26,525.92,1,0,1,4,0,1,0,1,0,0,3,3,1,2,0,1,2,0,0,0,0,0,0,0,0,1,2,4,4,4,0
"565","RIS_N_2009",2009,"RIS",5.26,525.92,0,0,2,3,0,1,0,0,0,0,5,1,3,8,0,1,0,1,0,1,0,0,0,0,0,0,1,2,0,0,0
"566","RIS_N_2010",2010,"RIS",4,400,1,0,2,4,0,0,0,0,0,0,3,1,1,7,0,0,2,0,0,0,0,0,0,0,0,0,2,3,0,0,0
"567","RIS_N_2011",2011,"RIS",4,400,2,4,2,2,1,0,0,0,0,0,2,0,2,4,0,2,0,0,0,0,0,0,0,0,0,0,1,1,0,0,0
"568","RIS_N_2012",2012,"RIS",4,400,2,6,4,3,2,0,0,0,0,0,2,0,1,2,0,3,0,1,0,0,0,0,0,0,0,0,2,0,0,0,0
"569","RIS_N_2013",2013,"RIS",4,400,1,3,2,1,2,0,0,0,0,0,1,0,2,4,0,3,0,2,0,0,0,0,0,0,0,0,3,1,0,0,0
"570","RIS_N_2014",2014,"RIS",4,400,3,1,2,5,0,0,0,0,2,2,2,1,1,3,0,3,0,0,0,0,0,0,0,0,1,0,2,0,0,0,0
"571","RIS_N_2015",2015,"RIS",4,400,2,1,5,1,0,2,0,0,0,0,2,1,3,2,0,2,2,0,0,0,0,0,0,0,0,0,3,0,0,0,1
"572","RIS_N_2016",2016,"RIS",4,400,1,2,2,1,1,1,0,0,0,0,2,0,1,2,0,1,1,0,0,0,0,0,0,0,0,0,1,0,0,0,0
"573","RIS_N_2017",2017,"RIS",4,400,0,1,2,0,0,0,0,0,0,0,4,0,1,2,0,2,0,1,0,0,0,0,0,0,0,1,1,1,1,1,2
"574","RIS_N_2018",2018,"RIS",4,400,0,2,1,0,0,0,0,0,0,0,1,2,1,2,0,2,1,0,1,0,0,0,0,0,1,1,2,2,1,1,1
"575","RIS_N_2021",2021,"RIS",4,400,0,4,1,2,0,0,0,0,0,0,4,2,2,9,0,0,0,0,0,0,0,0,0,0,1,1,9,1,0,0,0
"576","RIS_N_2022",2022,"RIS",4,400,5,5,0,1,0,0,0,0,0,0,2,2,3,9,0,1,0,1,0,0,0,0,0,0,1,1,3,0,0,0,0
"577","RIS_N_2023",2023,"RIS",4,400,0,1,0,2,0,0,0,0,0,0,1,0,2,5,0,0,0,1,0,1,0,0,0,0,0,0,5,0,0,0,0
"578","RIS_S_2007",2007,"RIS",6.03,603,0,1,0,5,2,1,0,0,0,0,1,0,1,1,0,0,0,0,0,0,0,0,0,0,0,0,1,0,0,0,0
"579","RIS_S_2008",2008,"RIS",6.03,603,0,0,1,5,0,0,0,0,1,1,2,2,2,1,0,1,0,0,0,0,0,0,0,0,0,0,0,2,0,0,1
"580","RIS_S_2009",2009,"RIS",6.03,603,0,1,3,7,1,0,0,0,0,0,4,4,1,4,0,2,1,0,0,0,0,0,0,0,0,0,2,2,0,0,0
"581","RIS_S_2010",2010,"RIS",5,500,2,0,2,5,0,0,0,0,0,0,4,1,1,2,0,1,0,0,0,0,0,0,0,0,0,0,1,0,0,0,0
"582","RIS_S_2011",2011,"RIS",5,500,2,2,2,6,1,0,0,0,0,0,0,1,1,3,0,0,1,0,0,0,0,0,0,0,0,0,1,1,2,2,0
"583","RIS_S_2012",2012,"RIS",5,500,2,8,1,4,3,0,0,0,0,0,1,0,2,3,0,1,0,0,0,0,0,0,0,0,0,0,2,0,0,0,0
"584","RIS_S_2013",2013,"RIS",5,500,2,2,1,3,0,0,0,0,0,0,0,0,1,3,0,3,0,2,0,2,0,0,0,0,0,0,0,1,0,0,0
"585","RIS_S_2014",2014,"RIS",5,500,2,4,4,9,0,0,0,0,0,0,2,0,1,2,0,3,0,1,0,0,0,0,0,0,0,0,2,0,0,0,0
"586","RIS_S_2015",2015,"RIS",5,500,3,1,2,7,2,0,0,0,0,0,0,1,1,0,0,3,0,0,0,0,0,0,0,0,0,0,1,2,0,0,0
"587","RIS_S_2016",2016,"RIS",5,500,2,1,5,4,0,0,0,0,0,0,0,3,1,0,0,2,0,0,1,0,0,0,0,0,0,0,0,0,0,0,0
"588","RIS_S_2017",2017,"RIS",5,500,5,1,6,6,2,0,0,0,0,0,4,5,2,6,0,1,0,0,0,0,0,0,0,0,0,0,1,0,0,0,0
"589","RIS_S_2018",2018,"RIS",5,500,1,1,4,7,1,0,0,0,0,0,2,1,1,2,0,3,0,1,0,0,0,0,0,0,0,0,1,1,0,0,0
"590","RIS_S_2021",2021,"RIS",5,500,5,7,2,8,0,0,0,0,0,0,1,4,1,5,0,3,0,0,0,0,0,0,0,0,0,0,1,0,1,1,0
"591","RIS_S_2022",2022,"RIS",5,500,3,7,2,4,0,0,0,0,0,0,1,0,1,6,0,2,0,0,0,0,1,0,0,0,0,0,1,0,2,2,0
"592","RIS_S_2023",2023,"RIS",5,500,0,5,0,4,2,0,0,1,0,0,0,0,1,5,0,0,0,1,0,0,0,0,0,0,0,0,3,2,0,0,0
"593","RNR_C_2015",2015,"RNR",2.5,250,0,1,0,2,0,0,0,0,0,0,0,0,1,1,0,0,0,0,0,0,0,0,0,0,0,0,0,0,0,0,0
"594","RNR_C_2016",2016,"RNR",2.5,250,2,5,0,3,0,3,0,0,0,0,1,0,0,2,0,1,0,0,0,0,0,0,0,0,0,0,1,0,0,0,0
"595","RNR_C_2017",2017,"RNR",2.5,250,1,2,1,1,1,2,0,0,0,0,1,1,1,1,0,1,0,0,0,0,0,0,0,0,0,0,0,0,0,0,0
"596","RNR_C_2023",2023,"RNR",2.5,250,0,1,0,2,0,0,0,0,0,0,2,0,1,3,0,1,0,0,0,0,0,0,0,0,0,0,1,0,1,1,0
"597","RNR_E_2015",2015,"RNR",2.5,250,0,1,1,0,0,0,0,0,0,0,0,3,1,1,0,0,0,0,1,0,0,0,0,0,0,0,1,0,1,1,0
"598","RNR_E_2016",2016,"RNR",2.5,250,1,5,0,0,0,1,0,0,0,0,4,3,2,0,0,1,0,0,0,0,0,0,0,0,0,0,2,0,0,0,0
"599","RNR_E_2017",2017,"RNR",2.5,250,3,4,0,2,0,3,0,0,0,0,4,7,1,2,0,0,0,0,0,0,0,0,0,0,0,0,1,0,0,0,0
"600","RNR_E_2023",2023,"RNR",2.5,250,0,2,0,0,0,0,0,0,0,0,2,5,3,4,0,2,0,0,0,0,0,0,0,0,1,0,5,0,1,1,0
"601","RNR_W_2015",2015,"RNR",2.5,250,2,1,0,4,0,0,0,0,0,0,2,0,0,2,0,0,0,0,0,0,0,0,0,0,0,0,0,0,0,0,0
"602","RNR_W_2016",2016,"RNR",2.5,250,3,1,0,0,1,0,0,0,0,0,0,1,0,4,0,1,0,0,0,0,0,0,0,0,0,0,0,0,0,0,0
"603","RNR_W_2017",2017,"RNR",2.5,250,1,1,1,1,1,0,0,0,0,0,0,0,0,1,0,0,0,1,0,0,0,0,0,0,0,0,0,0,0,0,0
"604","RNR_W_2023",2023,"RNR",2.5,250,0,2,0,1,3,0,0,0,0,0,0,0,2,3,0,1,0,0,0,0,0,0,0,0,0,0,1,0,0,0,0
"605","STE_N_2007",2007,"STE",1.89,188.72,1,5,0,2,1,0,0,0,0,0,3,2,0,0,0,0,0,0,0,0,0,0,0,0,0,0,0,0,0,0,0
"606","STE_N_2008",2008,"STE",1.89,188.72,2,0,1,0,0,0,0,0,0,0,2,1,0,0,0,2,0,0,0,0,0,0,0,0,0,0,0,0,0,0,0
"607","STE_N_2009",2009,"STE",1.89,188.72,3,1,2,1,0,0,0,1,0,0,3,0,0,0,0,0,0,0,0,0,0,0,0,0,0,0,0,0,0,0,0
"608","STE_N_2010",2010,"STE",2,200,3,1,2,2,0,1,0,0,0,0,2,1,0,1,0,1,1,0,0,0,0,0,0,0,0,0,0,0,1,1,0
"609","STE_N_2011",2011,"STE",2,200,1,2,2,1,0,0,0,0,0,0,1,1,0,0,0,2,0,0,0,0,0,0,0,0,0,0,0,1,0,0,1
"610","STE_N_2012",2012,"STE",2,200,4,3,3,2,1,0,0,0,0,0,2,0,0,0,0,1,0,0,0,0,0,0,0,0,0,0,0,0,0,0,1
"611","STE_N_2013",2013,"STE",2,200,2,2,0,3,0,0,0,0,0,0,1,1,1,1,0,0,0,0,0,0,0,0,0,0,0,0,0,2,0,0,0
"612","STE_N_2014",2014,"STE",2,200,6,3,3,3,1,0,0,0,0,0,0,0,0,1,0,1,0,0,0,0,0,0,0,0,0,0,1,2,0,0,0
"613","STE_N_2015",2015,"STE",2,200,3,0,2,2,0,0,0,0,0,0,0,0,0,1,0,2,0,0,0,0,0,0,0,0,0,0,1,2,0,0,0
"614","STE_N_2016",2016,"STE",2,200,3,6,2,2,0,1,0,0,0,0,3,1,0,1,0,0,0,0,0,0,0,0,0,0,0,0,0,0,1,1,1
"615","STE_N_2017",2017,"STE",2,200,3,4,2,2,1,1,0,0,0,0,1,3,1,4,0,1,1,0,0,0,0,0,0,0,0,0,0,0,0,0,0
"616","STE_N_2018",2018,"STE",2,200,3,7,1,3,0,0,0,0,0,0,0,2,0,3,0,0,0,0,0,0,0,0,0,0,0,0,0,1,0,0,1
"617","STE_S_2007",2007,"STE",3.92,392,5,5,5,2,0,0,0,0,0,0,2,8,0,0,0,0,0,0,0,0,0,0,0,0,0,0,2,0,0,0,0
"618","STE_S_2008",2008,"STE",3.92,392,3,4,1,3,0,0,0,0,0,0,1,9,1,0,0,4,0,0,0,0,0,0,0,0,0,0,0,0,0,0,0
"619","STE_S_2009",2009,"STE",3.92,392,4,4,1,4,0,1,0,0,0,0,3,4,1,0,0,1,0,0,0,0,0,0,0,0,0,0,0,0,0,0,0
"620","STE_S_2010",2010,"STE",3,300,4,3,1,1,0,2,0,0,0,0,3,5,0,0,0,1,0,0,0,0,0,0,0,0,0,0,0,0,0,0,0
"621","STE_S_2011",2011,"STE",3,300,5,4,1,2,0,0,0,0,0,0,2,1,0,0,0,1,0,0,0,0,0,0,0,0,0,0,0,0,0,0,0
"622","STE_S_2012",2012,"STE",3,300,4,5,0,1,0,0,0,0,0,0,1,3,0,0,0,0,0,0,1,0,0,0,0,0,0,0,0,0,0,0,0
"623","STE_S_2013",2013,"STE",3,300,6,2,3,2,0,0,0,0,0,0,1,2,0,0,0,0,0,2,1,0,0,0,0,0,0,0,0,0,0,0,0
"624","STE_S_2014",2014,"STE",3,300,3,1,3,3,0,0,0,0,0,0,2,1,0,1,0,1,0,0,1,0,0,0,0,0,0,0,0,0,0,0,1
"625","STE_S_2015",2015,"STE",3,300,3,2,1,0,0,0,0,0,0,0,0,0,0,0,0,0,0,0,0,0,0,0,0,0,0,0,0,0,0,0,2
"626","STE_S_2016",2016,"STE",3,300,5,9,1,0,0,1,0,0,0,0,1,3,0,0,0,0,0,0,0,0,0,0,0,0,0,0,0,1,0,0,1
"627","STE_S_2017",2017,"STE",3,300,4,8,1,0,0,1,0,0,0,0,0,11,1,0,0,1,1,0,0,0,0,0,0,0,0,0,0,1,1,1,0
"628","STE_S_2018",2018,"STE",3,300,7,6,2,0,1,0,0,0,0,0,1,4,0,0,0,2,0,0,0,0,0,0,0,0,0,0,0,1,1,1,1
"629","STE_W_2007",2007,"STE",6.94,693.68,3,6,6,3,0,0,0,0,0,0,4,9,2,0,0,1,0,1,1,0,0,0,0,0,0,0,2,0,0,0,1
"630","STE_W_2008",2008,"STE",6.94,693.68,4,1,4,4,1,1,0,0,0,0,4,10,2,1,0,4,0,1,0,0,0,0,0,0,0,0,1,1,1,1,0
"631","STE_W_2009",2009,"STE",6.94,693.68,2,2,1,6,1,0,0,0,0,0,5,5,2,0,0,1,0,0,0,0,0,0,0,0,0,0,0,0,0,0,1
"632","STE_W_2010",2010,"STE",6,600,10,1,2,4,0,0,0,0,0,0,2,7,1,1,0,0,0,0,0,0,0,0,0,0,0,0,0,1,0,0,0
"633","STE_W_2011",2011,"STE",6,600,8,3,1,1,1,0,0,0,0,0,1,4,1,1,0,1,0,0,0,0,0,0,0,0,0,0,0,2,0,0,1
"634","STE_W_2012",2012,"STE",6,600,6,8,1,4,2,0,0,0,0,0,4,3,1,1,0,2,0,0,0,0,0,0,0,0,0,0,0,0,1,1,1
"635","STE_W_2013",2013,"STE",6,600,4,8,2,4,0,0,0,0,0,0,1,6,0,2,0,1,0,0,1,0,0,0,0,0,0,0,1,1,1,1,0
"636","STE_W_2014",2014,"STE",6,600,3,3,4,5,0,0,0,0,0,0,3,7,1,2,0,4,0,0,0,0,0,0,0,0,0,0,0,1,0,0,0
"637","STE_W_2015",2015,"STE",6,600,4,1,3,1,0,1,0,0,0,0,3,3,1,1,0,2,0,2,1,0,0,0,0,0,0,0,0,1,0,0,0
"638","STE_W_2016",2016,"STE",6,600,9,3,4,2,0,2,0,0,0,0,2,3,0,0,0,1,0,0,0,0,0,0,0,0,0,0,2,0,0,0,0
"639","STE_W_2017",2017,"STE",6,600,6,6,6,3,5,2,0,0,0,0,2,5,1,3,0,1,1,0,0,0,0,0,0,0,0,0,0,2,0,0,0
"640","STE_W_2018",2018,"STE",6,600,6,3,5,4,0,0,0,0,0,0,1,3,0,1,2,1,0,2,0,0,0,0,0,0,0,1,1,1,0,0,1
